Person Name mentioned in the news,Organization Name mentioned in the news,City/ State mentioned under the news,Created_date_time,Key word Used for identify the article,HDFC Bank Name under News / Article,Web link of news
"Mumbai News, Delhi News, HT Weekend, HT Tech, HT Friday, HT School, HT Bangla, Hindustan Times, HT Digital Streams Ltd., Covaxin.(PTI, WHO, Union, PTI PHOTO, Election Commission, AP, AFP PHOTO, Hotstar, Netflix, ICC, Jaish-e-Mohammed, JeM, the Pakistan Air Force, IAF, Congress, BJP, All India Anna Dravida Munnetra Kazhagam, DGMO, Indian Cricket Team, ECB, the Indian Premier League, Rajasthan Royals, Kolkata Knight Riders, Lijjat, Instagram, St. Jude Children's Research Hospital, REUTERS, Reuters, SpaceX, Supreme Court, HT Worldview, HT City Daily News, NASA, Har-Anand Publications, SC, NTCA, UN, National League for Democracy, EMA, Regeneron, FDA, J&J, Bank of America, Bloomberg, Sevilla, NorthEast United FC, Kerala Blasters, Highlanders, PSG, Caen, Champions League, Barcelona, Liverpool, Everton, the Premier League, NSE, Reliance Jio, Image)(BLOOMBERG NEWS, UPSC, The Union Public Service Commission, SSC, HT PHOTO, CAPFs, HT Photo, the Help Educate, Udhyam, DVET, IIM Bangalore, Maruti Suzuki, the Indian Institute of Management Bangalore, IIMB, SIT, the District Hospital, Vanshakti, Cidco, Navi Mumbai Municipal Corporation, the Navi Mumbai Municipal Corporation, NMMC, JNPT, the Indian Pro Music League, Delhi Vidhan Sabha, FOX SEARCHLIGHT PICTURES, Cabinet,","USA, India, Bengaluru, Gurugram, Chandigarh, Kolkata, England, New Delhi, Bhubaneswar, Odisha, Mumbai, Maharashtra, Britain, Balakot, Pakistan, Rajasthan, Bahawalpur, Puducherry, Tamil Nadu, Arunachal, Manipur, Goa, Karnataka, Madhya Pradesh, Ahmedabad, Motera, Gangubai Kathiawadi, Roohi, Ropalidia, West Bengal, Kerala, Leichtlingen, Yangon, Myanmar, Senegal, Nagpur, Pandharkawada, EU, the United States, Sevilla, Brazil, Liverpool, Loving County, Texas, UP, Rampur, Covid, Capital, Kalyanpuri, Modinagar, Khichripur, Ghaziabad, Dombivli, MIDC, Navi Mumbai, Nerul,",nan,2021-02-26 19:27:06.067998,"terror, ",No,https://www.hindustantimes.com/
"IAF, SC, National Medical Commission, BJP, EC, NCDC,","Delhi, India, Bhopal, Bhubaneswar, Ranchi, Raipur, Hyderabad, China-Yunnan, West Bengal, Balakot, Maha, Covid, UK, South Africa, Brazil,",nan,2021-02-26 19:28:22.298310,"terror, ",No,https://www.dailypioneer.com/
"Supreme Court, Parliament, Coronil, Finance Commission, NASA, BJP,","West Bengal, Tamil Nadu, Kerala, Nepal, Myanmar, Puducherry, Australia, Punjab, Madhya Pradesh, India, Pangong Tso,",nan,2021-02-26 19:28:44.587257,"terror, ",No,https://www.thehindu.com/opinion/editorial/
"IIT Guwahati, NASA, DRDO, Serum Instituteâs, IIT Guwahati's, AFP, the International Space Station, ISRO, Progress, WIHG, WHO, Pfizer, Govt, BJP, Congress, PSC, BBMP, HC, Supreme Court, EC, Centre for Science and Environment, Young World Club, THG PUBLISHING PVT LTD, The Hindu,","West Bengal, Tamil Nadu, Kerala, China, Australia, India, Pangong Tso, U.S., Chandipur, US, Canada, Russia, Uttarakhand, Bhimbetka, Bhopal, UAE, Hyderabad, Punjab, UK, Hapur, Pakistan, Jharkhand, Maharashtra, Gujarat, England, Bengaluru, Andhra Pradesh, Karnataka, Delhi, Mumbai, Madurai, Bihar, TN, Puducherry, Assam, Coimbatore,",nan,2021-02-26 19:35:40.226979,"terror, ",No,https://www.thehindu.com/sci-tech/science/
"Mumbai News, Delhi News, HT Weekend, HT Tech, HT Friday, HT School, HT Bangla, Hindustan Times, HT Digital Streams Ltd., Covaxin.(PTI, WHO, Union, PTI PHOTO, Election Commission, AP, AFP PHOTO, Hotstar, Netflix, ICC, Jaish-e-Mohammed, JeM, the Pakistan Air Force, IAF, Congress, BJP, All India Anna Dravida Munnetra Kazhagam, DGMO, Indian Cricket Team, ECB, the Indian Premier League, Rajasthan Royals, Kolkata Knight Riders, Lijjat, Instagram, St. Jude Children's Research Hospital, REUTERS, Reuters, SpaceX, Supreme Court, HT Worldview, HT City Daily News, NASA, Arora, Lok Sabha.(File, Indian Air Force, CRPF, Har-Anand Publications, UN, National League for Democracy, EMA, Regeneron, FDA, J&J, Bank of America, Bloomberg, Sevilla, NorthEast United FC, Kerala Blasters, Highlanders, PSG, Caen, Champions League, Barcelona, Liverpool, Everton, the Premier League, NSE, Reliance Jio, Image)(BLOOMBERG NEWS, UPSC, The Union Public Service Commission, SSC, HT PHOTO, CAPFs, HT Photo, the Help Educate, Udhyam, DVET, IIM Bangalore, Maruti Suzuki, the Indian Institute of Management Bangalore, IIMB, SIT, the District Hospital, Vanshakti, Cidco, Navi Mumbai Municipal Corporation, the Navi Mumbai Municipal Corporation, NMMC, JNPT, the Indian Pro Music League, Delhi Vidhan Sabha, FOX SEARCHLIGHT PICTURES, Cabinet,","USA, India, Bengaluru, Gurugram, Chandigarh, Kolkata, England, New Delhi, Bhubaneswar, Odisha, Mumbai, Maharashtra, Britain, Balakot, Pakistan, Rajasthan, Bahawalpur, Puducherry, Tamil Nadu, Arunachal, Manipur, Goa, Karnataka, Madhya Pradesh, Ahmedabad, Motera, Ropalidia, UP, UT, West Bengal, Leichtlingen, Yangon, Myanmar, Senegal, Assam, Kerala, Ladakh, Pulwama, EU, the United States, Sevilla, Brazil, Liverpool, Loving County, Texas, United Kingdom, New Delhi.(PTI, Rampur, Covid, Capital, Kalyanpuri, Modinagar, Khichripur, Ghaziabad, Dombivli, MIDC, Navi Mumbai, Nerul,",nan,2021-02-26 20:30:16.799405,"terror, ",No,https://www.hindustantimes.com/
"Dow Jones, News Corp, WSJ, Dow Jones Newswires, Mansion Global, MarketWatch, WSJ Live, The Wall Street Journal, Washington Wire, Venture Capital, WSJ Money, WSJ. Magazine, House, Senate, FDA, the U.S. Food and Drug Administration, AMC, GameStop, WNBA, Facebook, Berkshire Hathawayâs, Canada Pension Fund, CPPIB, LVMH, Arnault, WSJ News Exclusive, the Commerce Department, CPAC, WHO, NASA, AT&T, DirecTV, IBM, MoneyGram, Autodesk, EY, Baker Hughes, SEC, TuSimple, Airbnb, Trufflin, The Editorial Board, Review & Outlook, U.S. Olympics, TikTok, The Censorship Party, Mayo Clinic, Conagra, WSJ+, WSJ High School Program, Dow Jones Products, WSJ Wine, Dow Jones & Company,","Canada, China, U.S., New York, Clanton, Texas, Washington, Syria, Iraq, Georgia, Atlanta, Australia, U.A.E., Birkenstock, Nigeria, Wuhan, U.K., Israel, North Korea, Iran, NYC, Cayman Islands, Morocco, Bermuda,",nan,2021-02-26 20:32:04.943767,"terror, ",No,https://www.wsj.com/
"IAF, SC, National Medical Commission, BJP, EC, NCDC,","Delhi, India, Bhopal, Bhubaneswar, Ranchi, Raipur, Hyderabad, China-Yunnan, West Bengal, Balakot, Maha, Covid, UK, South Africa, Brazil,",nan,2021-02-26 20:32:46.660518,"terror, ",No,https://www.dailypioneer.com/
"Pentagon, Legislative Council, BJP, CBI, Congress, Apollo Hospitals Enterprise Ltd., Supreme Court, Centre, CPI, Communist Party of India, BMC, Army, Kilo Force, UN, the Working Group, The Indian Express, SC, PG College, the Bombay High Court, Ranaut, HC, PTI, the Himachal Pradesh Assembly, CEC, Left, Xiaomi, Twitter, FBI, ICC, Bamboo Training and Research Institute, CID, FATF, FIFA, PSU, UPSC, CSK, KKR, CBSE, Bangalore News, Express Group, The Financial Express, MyInsuranceClub, DNPA, The Indian Express [,","Bangla, Hindi, India, US, Syria, J&K, TN, Puducherry, Ayodhya, Uttar Pradesh, Unnao, Madhya Pradesh, Tamil Nadu, Delhi, Covid, Dharavi, Goa, Gujarat, Kerala, Maharashtra, Karnataka, West Bengal, Dadra, Nagar Haveli, Silvassa, Bombay, Bandra, Tamil Nadu's, Surat, Assam, Tripura, Chennai Hyderabad, Bharat Bandh Today, Mumbai, Pune, Motera, Pak, Rajasthan, Sattur, Arunachal Pradesh, Manipur, Bangalore, Loksatta,",nan,2021-02-26 20:34:27.315567,"terror, terror financing, ",No,https://indianexpress.com/section/india/
"UN, IS, UN Security Council, White House, Pentagon, FATF,","Bangla, Hindi, India, US, Moscow, Syria, UK, Britain, Taiwan, China, Myanmar, Pak, Japan, UAE, Papua New Guineaâs, North Korea, Haiti, Singapore,",nan,2021-02-26 20:34:29.492267,"terror, terror financing, ",No,https://indianexpress.com/section/world/
"Pentagon, Legislative Council, BJP, CBI, Congress, Bombay HC, EOW, MSCB, the Pune City Police, Centre, Narcotics Control Bureau, NCB, Indian Premier League, Mumbai Indians, PSA Raghavan, HWC, AMC, SEC, BMC, Improvement Committee, Stanford University, NCLT, the Pune Municipal Corporation, PMC, Xiaomi, Twitter, FBI, ICC, Bamboo Training and Research Institute, CID, FATF, FIFA, PSU, UPSC, CSK, KKR, CBSE, Bangalore News, Express Group, The Indian Express, The Financial Express, MyInsuranceClub, DNPA, The Indian Express [,","Bangla, Hindi, India, US, Syria, J&K, TN, Puducherry, Delhi, Mumbai, Hyderabad, Bangalore, Pune, Mulshi, Harisal, Ambani, Bombay, Punjab, Gitaba Chavda, Maharashtra, Shivajinagar, Bundgarden, Pune City, Gujarat, BMC, West Bengal, Kerala, Tamil Nadu, Assam, Chennai Hyderabad, Bharat Bandh Today, Motera, Pak, Rajasthan, Sattur, Arunachal Pradesh, Manipur, Loksatta,",nan,2021-02-26 20:34:47.642781,"terror, terror financing, ",No,https://indianexpress.com/section/cities/
"Pentagon, Legislative Council, BJP, CBI, Congress, NEP, AAP, Centre, State, Parliament, Facebook, Google, Transparency Internationalâs, Manchester City, Bengal Assembly, Xiaomi, Twitter, ICC, Bamboo Training and Research Institute, CID, FATF, FIFA, PSU, UPSC, CSK, KKR, CBSE, Bangalore News, Express Group, The Indian Express, The Financial Express, MyInsuranceClub, DNPA, The Indian Express [,","Bangla, Hindi, India, US, Syria, J&K, TN, Puducherry, Kerala, China, Ladakh, Atmanirbhar Bharat, Delhi, Beijing, Pak, Pakistan, Karachi, Colombo, Maldives, Kathmandu, Australia, Haryana, Vishwaguru, Maharashtra, Mumbai, Pune, Motera, Bombay, Rajasthan, Sattur, Tamil Nadu, Arunachal Pradesh, Manipur, Bangalore, West Bengal, Loksatta,",nan,2021-02-26 20:35:02.493805,"terror, terror financing, ",No,https://indianexpress.com/section/opinion/
"Pentagon, Legislative Council, BJP, CBI, Congress, BCCI, The Indian Express, ICC, Chelsea, Atletico Madrid, UEFA Champions League, Pro Kabaddi Leagueâs, the Pro Kabaddi League, Motera, ICC Board Meet, EOI, Manchester United, AC Milan, UEFA Europa League, Arsenal, Olympiakos, Tottenham Hotspur, Dinamo Zagreb, Ajax, BSC Young Boys, NBA, I-League, Baroda, Liverpool, CAS, the Pakistan Super League, Assam Police, England Legends, Road Safety World Series, Bamboo Training and Research Institute, CID, FATF, Centre, FIFA, PSU, UPSC, CSK, KKR, CBSE, Bangalore News, Express Group, The Financial Express, MyInsuranceClub, DNPA, The Indian Express [,","Bangla, Hindi, India, US, Syria, J&K, TN, Puducherry, Motera, City, Uzbekistan, Sofia, Bulgaria, London, England, Kiev, Ukraine, Hungary, Poland, Rome, the United States, Chhattisgarh, Tamil Nadu, Jharkhand, Portugal, Iran, Mumbai, UAE, Assam, Maharashtra, Pune, Pak, Bombay, Rajasthan, Kerala, Sattur, Arunachal Pradesh, Manipur, Bangalore, Delhi, West Bengal, Loksatta,",nan,2021-02-26 20:35:17.037228,"terror, terror financing, ",No,https://indianexpress.com/section/sports/
"Pentagon, Legislative Council, BJP, CBI, Congress, OTT, ZEE5, AltBalaji, The Crown, SonyLIV, MCU, Jamai Raja 2.0, Pixar, WandaVision, Marvel, SWORD, Pathan, Bengal Assembly, ICC, Bamboo Training and Research Institute, CID, FATF, Centre, FIFA, PSU, UPSC, CSK, KKR, CBSE, Bangalore News, Express Group, The Indian Express, The Financial Express, MyInsuranceClub, DNPA, The Indian Express [,","Bangla, Hindi, India, US, Syria, J&K, TN, Puducherry, Mumbai, Luca, Anupamaa, Imlie, Maharashtra, Pune, Motera, Pak, Bombay, Rajasthan, Kerala, Sattur, Tamil Nadu, Arunachal Pradesh, Manipur, Bangalore, Delhi, West Bengal, Loksatta,",nan,2021-02-26 20:35:53.536004,"terror, terror financing, ",No,https://indianexpress.com/section/entertainment/
"Pentagon, Legislative Council, BJP, CBI, Congress, Veza, Chemould Prescott Road, Experimenter, Jhaveri Contemporary, Raw Mangoâs, CBS, Prada, Gangubai Kathiawadi, Xiaomi, Twitter, FBI, ICC, Bamboo Training and Research Institute, CID, FATF, Centre, FIFA, PSU, UPSC, CSK, KKR, CBSE, Bangalore News, Express Group, The Indian Express, The Financial Express, MyInsuranceClub, DNPA, The Indian Express [,","Bangla, Hindi, India, US, Syria, J&K, TN, Puducherry, Roohi, Sonamarg, Maharashtra, Mumbai, Pune, Motera, Pak, Bombay, Rajasthan, Kerala, Sattur, Tamil Nadu, Arunachal Pradesh, Manipur, Bangalore, Delhi, West Bengal, Loksatta,",nan,2021-02-26 20:36:07.582430,"terror, terror financing, ",No,https://indianexpress.com/section/lifestyle/
"Pentagon, Legislative Council, BJP, CBI, Congress, HC, Express News Service, the Punjab and Haryana High Court, the Haryana Police, The Indian Express, IndianExpress, the Mazdoor Adhikar Sangathan, Centre, State, PS Kundli, Indian Express App, The Indian Express (P) Ltd, EC, Xiaomi, Twitter, FBI, ICC, Bamboo Training and Research Institute, CID, FATF,","Bangla, Hindi, India, US, Syria, J&K, TN, Puducherry, Punjab, Chandigarh, Sonipat, Singhu, Kundli, Haryana, Bengal, Kerala, Assam, Chennai Hyderabad, Bharat Bandh Today, Maharashtra, Mumbai, Pune, Motera, Pak, Bombay, Rajasthan, Sattur, Tamil Nadu,",nan,2021-02-26 20:41:04.297904,"terror, terror financing, ",No,https://indianexpress.com/article/india/nodeep-kaur-granted-bail-by-punjab-haryana-high-court-7205542/
"Quetta Gladiators Dream11, ICC, RBI, SSC, YouTube, Moscow Pact, Madras High Court, SBI, Flipkart, Govt, BMW, Bharat Biotech, NASA, Twitter, Facebook, Raw Mango's, BMC, the Brihanmumbai Municipal Corporation, WhatsApp, The Brihanmumbai Municipal Corporation, IMD, Zee News, Hindi News, Diligent Media Corporation Ltd.,","Karnataka, India, Tamil Nadu, Odisha, Malkangiri, Delhi, Jalgaon, Mumbai, Maharashtra, Ethiopia, Tigray, Brazil, US, Sri Lanka, Nepal, Uttar Pradesh, Andheri, Ville Parle, Santacruz, Khar, Bandra, BKC, Dharavi, Pune, Nashik, Bengali,",nan,2021-02-26 20:49:07.547637,"terror, ",No,https://www.dnaindia.com/mumbai
"NDTV, Agra News, Ahmedabad News, Allahabad News, Delhi News, Ghaziabad News, Hyderabad News, Jammu News, Lucknow News, Meerut News, Mumbai News, Noida News, Surat News, Punjab National Bank, PNB, the Brihanmumbai Municipal Corporation, BMC, Delhi Jal Board, the India Meteorological Department, IMD, the Punjab State Power Corporation Limited, PSPCL, BJP, AAP,","INDIA, Amritsar, Aurangabad, Bengaluru, Bhopal, Bhubaneshwar, Chandigarh, Chennai, Gurgaon News, Guwahati, Jaipur, Kanpur, Kolkata, Ludhiana, Muzaffarnagar, Nagpur, Patna News, Srinagar, Delhi, New Delhi, Uttar Pradesh's, Mumbai, UK, India, Covid, Maharashtra, Punjab, US, England,",nan,2021-02-26 21:02:47.770481,"money launder, ",No,https://www.ndtv.com/cities?pfrom=home-ndtv_mainnavgation
"Pentagon, Legislative Council, BJP, CBI, Congress, Narcotics Control Bureau, NCB, Express News Service, Mumbai News, BMC, NCP,","Bangla, Hindi, India, US, Syria, J&K, TN, Puducherry, Mumbai, Bombay,",nan,2021-02-26 21:05:51.035104,"drug trafficking, ",No,https://indianexpress.com/article/cities/mumbai/bail-denied-to-nawab-maliks-son-in-law-in-drugs-case-7206606/
"USA TODAY, U.S. Navy's, Fifth Fleet, Islamic Revolutionary Guards Corps, Pentagon, Starbucks, The Department of Defense, the Peter G. Peterson Foundation, U.S. Army, Air Force, the Department of Defense, the Quincy Institute for Responsible Statecraft, the Department of Homeland Security, American University, the Defense Department, Vine, the U.S.Â Air Force, NATO, Defense Priorities, Brown Universityâs, Congress, Federal Reserve, The Centers for Disease Control and Prevention, White House, The Heritage Foundation, U.N. Security Council, The World Health Organization, United Nations, The Union of Concerned Scientists, West Point, Senate Armed Services and, the Arms and Security Project, the Center for International Policy, the Joint Chiefs of Staff, Treasury, Commerce, State Department, Democratic National Committee, U.S. Cyber Command, the National Security Agency, the Council on Foreign Relations, House Select Committee, Taliban, Brown's, AFP, the Islamic State, ISIS, the Center for Strategic and International Studies, The Defense Department, USA TODAY's, the White House, GOP, The U.S. Space Force, Stars and Stripes, Brown University's, Watson Institute, Savell, al-Shabaab, Taxpayers for CommonÂ , Marine Corps, The Project On Government Oversight, U.S. Air Force, theÂ University of Oregon, the U.S. Navy's, AP,","America, U.S., MANAMA, Bahrain, Iran, Washington, Germany, Japan, South Korea, China, US, the United States', Djibouti, Britain, France, Russia, Sierra Leone, Guinea, Liberia, Texas, Boston, North Korea's, Beijing, India, D.C., Pakistan, Iraq, Italy, U.S.-led, Benghazi, Libya, Afghanistan, Switzerland, U.S.-brokered, Syria, Wyo., Saigon, Estonia, Cyprus, Hungary, Iceland, Israel, Latvia, Lithuania, Luxembourg, Niger, Norway, Palau, Philippines, Poland, Romania, Saudi Arabia, Slovakia, Somalia, Tunisia, Qatar, Greenland, the United Kingdom, Kenya, Tajikistan, Va., Pennsylvania, Canada, Ukraine, Crimea,",nan,2021-02-26 21:13:18.760866,"terror, ",No,https://www.usatoday.com/in-depth/news/world/2021/02/25/us-military-budget-what-can-global-bases-do-vs-covid-cyber-attacks/6419013002/
"non-BJP, Trinamul Congress, Shiv Sena, DMK, CPM, Shorbonashi shorkar (, Motera, the Trinamul Congress, The Telegraph, The Telegraph India, ABP Group,","India, West Bengal, Calcutta, Nabanna, Maharashtra, Tamil Nadu, Kerala, Rajasthan, Delhi, Kolkata,",nan,2021-02-26 21:15:09.446458,"terror, ",No,https://www.telegraphindia.com/west-bengal/mamata-banerjee-rides-electric-scooter-to-protest-against-rising-fuel-prices/cid/1807853
"USA TODAY, U.S. Capitol Police, Capitol Hill, Congress, Princeton University, GOP, House, Marjory Stoneman Douglas High School, CNN, the Republican Party, Electoral College, Getty Images, MSNBC, McDonald's, the House of Representatives, Natural Resources Committee, Black Lives Matter, BLM, the Minnesota Freedom Fund, Senate, BMW, Buick, Chevrolet, Ford, Honda, Hyundai, Infiniti, Lamborghini, Mercedes-Benz, Nissan, Porsche, Rolls-Royce, Toyota, Volkswagen, Volvo, Gannett Satellite Information Network, LLC, Sports Weekly, USA TODAY Shop,","WASHINGTON, Colorado, Georgia, California, Arizona, Pennsylvania, Illinois, N.C., Fla., GA, U.S., Washington, D.C., Oklahoma, Mo., Texas, N.Y., Calif., Portland, Missouri, Ark., Minnesota, District, Wisconsin, America, USA,",nan,2021-02-26 21:15:25.104407,"terror, ",No,https://www.usatoday.com/story/news/politics/2021/02/26/how-culture-war-congress-more-than-business-usual/6665616002/
"Pentagon, Legislative Council, BJP, CBI, Congress, Telangana Bar Council, Bar Council of India, Hyderabad News, Telangana Legislative Council, TRS partyâs, CPI, the High Court, Telangana High Court Advocates Association, the High Court Advocatesâ Association, Peddapalli Zilla Parishad, the State Human Rights Commission,","Bangla, Hindi, India, US, Syria, J&K, TN, Puducherry, Hyderabad, Telangana, Nagamani, Peddapalli, Ramagundam, Manthani, Kalvacherla,",nan,2021-02-26 21:34:06.143493,"terror, ",No,https://indianexpress.com/article/cities/hyderabad/after-lawyer-couples-murder-protests-across-telangana-courts-and-demands-for-protection-for-advocates-7196767/
"Pentagon, Legislative Council, BJP, CBI, Congress, Dal Khalsa, The Indian Express, Delhi Morcha, Punjab University, SKM, NIA, Aam Aadmi Party, AAP, Indian Express App, The Indian Express (P) Ltd, Manchester City, Centre, Xiaomi, Twitter, NEP, ICC, Bamboo Training and Research Institute, CID, FATF, DSGMC,","Bangla, Hindi, India, US, Syria, J&K, TN, Puducherry, Mehraj, Shambu, Punjab, Delhi, Kerala, China, Ladakh, Maharashtra, Mumbai, Pune, Motera, Pak, Bombay, Rajasthan, Sattur, Tamil Nadu,",nan,2021-02-26 21:37:50.531682,"terror, terror financing, ",No,https://indianexpress.com/article/explained/farmers-protest-rallies-youth-participation-explained-7203740/
"Pentagon, Legislative Council, BJP, CBI, Congress, BCCI TV, The Indian Express, Indian Express App, ICC, Bamboo Training and Research Institute, CID, FATF, Centre, Manchester City,","Bangla, Hindi, India, US, Syria, J&K, TN, Puducherry, England, Adelaide, Leeds, Auckland, Bridgetown, Ireland, Australia, Nottingham, Hobart, South Africa, Sri Lanka, New Zealand, Bangladesh, Ahmedabad, Motera, Maharashtra, Mumbai, Pune, Pak, Bombay, Rajasthan, Kerala, Sattur, Tamil Nadu,",nan,2021-02-26 21:40:21.256325,"terror, terror financing, ",No,https://indianexpress.com/article/sports/cricket/undercooked-batsmen-on-undercooked-pitch-a-recipe-for-disaster-7204938/
"ED, Maa Gange Coal Trading Pvt. Ltd., The Enforcement Directorate, the National Investigation Agency, NIA, Tritiya Prastuti Committee, TPC, The Telegraph, The Telegraph India, ABP Group,","India, West Bengal, Calcutta, New Delhi, Jharkhand, Magadh-Amrapali, Chatra,",nan,2021-02-26 22:03:14.322481,"money launder, ",No,https://www.telegraphindia.com/jharkhand/ed-attaches-assets-worth-over-rs-2-crore-of-maoist-operative-in-money-laundering-case/cid/1807911
"Union, National Democratic Front of Bodoland, NDFB, the Joint Action Committee for Autonomous State, JACAS, the Karbi Longri N.C. Hills Liberation Front, KLNLF, Karbi Peopleâs Liberation Tiger, KPLT, United Peopleâs Liberation Army, UPLA, the Peopleâs Democratic Council of Karbi Longri, PDCK, Karbi Anglong Aurtonomous Council, Centre, BJP, National Democratic Front Of Bodoland, The Telegraph, The Telegraph India, ABP Group,","India, West Bengal, Calcutta, Karbi, Dengaon, Assam, Guwahati, Karbi Anglong, Diphu, Dima Hasao, West Karbi Anglong, Batadrava Than, Nagaon, the Batadrava Than,",nan,2021-02-26 22:05:48.274291,"terror, ",No,https://www.telegraphindia.com/north-east/assam-karbi-militant-outfits-members-surrender/cid/1807615
"USA TODAY, CDC, TripActions, the Rosen College of Hospitality Management, the University of Central Florida, Getty Images, Volvo, Volvo Car USA, Clorox, Enterprise, Hilton, Lysol, the Mayo Clinic, Marriott, Hyatt, AP, Centers for Disease Control and Prevention, Wyndham Hotels & Resorts, IHG, InterContinental, Kimpton, Holiday Inn, Intercontinental Hotels Group, Best Western, Health Canada, MGM, MGM Resorts, Caesars Entertainment, Accor, Loyola University New Orleans, HStocks, European Union, Stockbyte, Travel Leaders, Internova Travel Group, Travel Leaders', Travelex Insurance, State Departmentâs, Bureau of Consular Affairs, The U.S. Department of State, the State Department, Consular Services, the World Health Organization, The Centers for Disease Control, The State Department, Boko Haram, Islamic State, The U.S. Embassy, Visa, the U.S. Embassy, the State Department's, The U.S. Mission, the Embassy of Switzerland, BornaMir, BMW, Buick, Chevrolet, Ford, Honda, Hyundai, Infiniti, Lamborghini, Mercedes-Benz, Nissan, Porsche, Rolls-Royce, Toyota, Volkswagen, Gannett Satellite Information Network, LLC, Sports Weekly, USA TODAY Shop,","New Jersey, France, White Bear Lake, Minnesota, Orlando, the the United States, U.S., Bethesda, Maryland, Canada, Argentina, Buenos Aires, Aruba, Austria, Barbados, Brazil, Antigua & Barbuda, The Bahamas, Bermuda
Bonaire, Belize, Dominican Republic
Grenada, Montserrat, St. Kitts, St. Lucia, St. Vincent
Turks and, China, Colombia, Costa Rica:, Cuba, Egypt, EU, Belgium, Croatia, Cyprus, Denmark, Estonia, Finland, Hungary, Greece, Iceland, Ireland, Italy, Latvia, Liechtenstein, Lithuania, Luxembourg, Malta, Netherlands, Netherlands Antilles, Poland, Portugal, Romania, Slovakia, Slovenia, Spain, Sweden, Germany, Hong Kong, India, Indonesia, Israel, Jamaica, Japan, Kenya, Korea, Seoul, Mexico, Norway, New Zealand, Panama, Peru, Puerto Rico:, Russia, Saudia Arabia, Singapore, South Africa:, Switzerland, Thailand, Turkey, United Kingdom, United Arab Emirates, Ukraine, U.S. Virgin Islands:, Vietnam, US, Guinea-Bissau, Dakar, Senegal, The United States, Wuhan, Beijing, Chengdu, Guangzhou, Shanghai, Shenyang, Hubei province, Democratic Republic of the Congo, Kinshasa, Nord-Kivu, Ituri, DRC, N'Djamena, Libya, Sudan, the Central African Republic, Cameron, Nigeria, NâDjamena, Burundi, Bujumbura, Burkina Faso, Mali, CÃ´te D'Ivoire, Ghana, Togo, Benin, Ouagadougou, Karpala, Khartoum, Pakistan, Islamabad, Balochistan province, Peshawar, Abuja, Borno, Yobe, Niamey, Nicaragua, Managua, Nouakchott, Beirut, Honduras, Tegucigalpa, Haiti, Port-au-Prince, Bangui, Yaounde, Cameroon, Chad, the Democratic Republic of Congo, Sana'a, Venezuela, Caracas, Bogota, Syria, Damascus, The Czech Republic, Amman, Jordan, Somalia, Mogadishu, Nairobi, Tripoli, Tunis, Tunisia, North Korea, Democratic People's Republic of Korea, America, Iraq, Baghdad, Iran, South Sudan, Juba, Afghanistan, Kabul, USA,",nan,2021-02-26 22:15:19.888299,"terror, ",No,https://www.usatoday.com/story/travel/advice/2021/02/26/safe-travel-during-covid-theres-no-such-thing-sure-bet/6800009002/
"CPAC, the American Council On Renewable Energy, Senate, the Electoral College, COVID, Taliban, Congress, Register, the USA TODAY Network, The U.S. Capitol Police, USCP, Interior, HHS, Gannett Satellite Information Network, LLC, Sports Weekly, USA TODAY Shop,","USA, U.S., Texas, America, Georgia, Afghanistan, Kabul, Des Moines,",nan,2021-02-26 22:20:08.084202,"terror, ",No,https://www.usatoday.com/opinion/
"U.N., Army, Ministry of External Affairs, MEA, DGsMO, the School of International Studies, Jawaharlal Nehru University, the Ministry of Defence, Parliament, Hindu, Assembly, Sahitya, Namma Cargo, KFD, VPT, DMK, Kendra Sahitya Akademi, IJK, T.N., VCK, H.P. House, THG PUBLISHING PVT LTD, Govt, Centre for Science and Environment, CPI, Supreme Court, Congress, BITS Pilani, PNB, LAC, the Union of India, Pranab, The Hindu, Motera, Qualcomm, BJP, PSC, BBMP, HC, Election Commission, Young World Club,","India, Pakistan, Maldives, NEW DELHI, Kamal Kote, Uri, Jammu and Kashmir, China, J&K, Jammu and Kashmirâs, New Delhi, Islamabad, Pulwama, Balakot, Karnataka, TN, Hapur, Tamil Nadu, Coimbatore, Himachal Pradesh, States, Puducherry, Maharashtra, Kerala, Odisha, Gujarat, U.K., Haryana, Mumbai, U.S., England, Ahmedabad, Bengal, India Pakistan, Vietnam, Gulmarg, UK, West Bengal, Saudi Arabia, Jharkhand, Hyderabad, Bengaluru, Andhra Pradesh, Madurai, Bihar, Assam,",nan,2021-02-26 22:25:10.733680,"terror, ",No,https://www.thehindu.com/news/national/india-pakistan-agree-to-ceasefire-along-border/article33930265.ece
"Pentagon, Legislative Council, BJP, CBI, Congress, the India Army, Arre Studios, Ali Express, TikTok, PLA, The Indian Express, Indian Express App, Bengal Assembly, Xiaomi, Twitter, ICC, Bamboo Training and Research Institute, CID, FATF, Centre,","Bangla, Hindi, India, US, Syria, J&K, TN, Puducherry, New Delhi, Doklam, Pangong Lake, China, Anupamaa, Imlie, Maharashtra, Mumbai, Pune, Motera, Pak, Bombay, Rajasthan, Kerala, Sattur, Tamil Nadu,",nan,2021-02-26 22:58:42.565921,"terror, terror financing, ",No,https://indianexpress.com/article/entertainment/web-series/1962-a-war-in-the-hills-review-we-suffered-through-this-hotstar-special-so-you-dont-have-to-7205843/
"Pentagon, Legislative Council, BJP, CBI, Congress, The Crown, Entertainment Desk, Netflix, The Indian Express, Indian Express App, IE Online Media Services Pvt Ltd, Bengal Assembly, Xiaomi, Twitter, ICC, Bamboo Training and Research Institute, CID, FATF, Centre,","Bangla, Hindi, India, US, Syria, J&K, TN, Puducherry, New Delhi, Los Angeles, the United States, UK, Anupamaa, Imlie, Maharashtra, Mumbai, Pune, Motera, Pak, Bombay, Rajasthan, Kerala, Sattur, Tamil Nadu,",nan,2021-02-26 23:00:07.493862,"terror, terror financing, ",No,https://indianexpress.com/article/entertainment/television/prince-harry-on-the-crown-its-fictional-but-its-loosely-based-on-the-truth-7206144/
"Pentagon, Legislative Council, BJP, CBI, Congress, T-Series, White Feather Films, The Indian Express, Indian Express App, IE Online Media Services Pvt Ltd, Bengal Assembly, Xiaomi, Twitter, ICC, Bamboo Training and Research Institute, CID, FATF, Centre,","Bangla, Hindi, India, US, Syria, J&K, TN, Puducherry, Mumbai, New Delhi, Bombay, Anupamaa, Imlie, Maharashtra, Pune, Motera, Pak, Rajasthan, Kerala, Sattur, Tamil Nadu, Kamathipura,",nan,2021-02-26 23:00:13.848663,"terror, terror financing, ",No,https://indianexpress.com/article/entertainment/bollywood/mumbai-saga-trailer-john-abraham-emraan-hashmi-7205685/
"Pentagon, Legislative Council, BJP, CBI, Congress, Netflix, Indian Express, Condor, Centineo, Stanford, NYU, The Indian Express, Indian Express App, IE Online Media Services Pvt Ltd, Bengal Assembly, Xiaomi, Twitter, ICC, Bamboo Training and Research Institute, CID, FATF, Centre, the Indian Expr,","Bangla, Hindi, India, US, Syria, J&K, TN, Puducherry, New York, Anupamaa, Imlie, Maharashtra, Mumbai, Pune, Motera, Pak, Bombay, Rajasthan, Kerala, Sattur, Tamil Nadu,",nan,2021-02-26 23:00:41.455399,"terror, terror financing, ",No,https://indianexpress.com/article/entertainment/movie-review/to-all-the-boys-always-and-forever-movie-review-a-low-fi-rom-com-7185733/
"Pentagon, Legislative Council, BJP, CBI, Congress, WWE, Raw, NXT, SmackDown, WWE SmackDown, WWE Raw, Royal Rumble Universal, AEW, WWE RAW, ICC, Bamboo Training and Research Institute, CID, FATF, Centre, FIFA, PSU, UPSC, CSK, KKR, CBSE, Bangalore News, Express Group, The Indian Express, The Financial Express, MyInsuranceClub, DNPA, The Indian Express [,","Bangla, Hindi, India, US, Syria, J&K, TN, Puducherry, Canada, St. Petersburg, Florida, Motera, Maharashtra, Mumbai, Pune, Pak, Bombay, Rajasthan, Kerala, Sattur, Tamil Nadu, Arunachal Pradesh, Manipur, Bangalore, Delhi, West Bengal, Loksatta,",nan,2021-02-26 23:05:24.258674,"terror, terror financing, ",No,https://indianexpress.com/section/sports/wwe-wrestling/
"Quetta Gladiators Dream11, ICC, RBI, SSC, YouTube, Moscow Pact, Madras High Court, SBI, Flipkart, Govt, BMW, Bharat Biotech, NASA, Twitter, Facebook, Raw Mango's, Punjab National Bank, PNB, London Court, Centre, Zee News, Hindi News, Diligent Media Corporation Ltd.,","Karnataka, India, Tamil Nadu, Odisha, Malkangiri, Delhi, Jalgaon, Mumbai, Maharashtra, Ethiopia, Tigray, Brazil, US, Sri Lanka, Nepal, Uttar Pradesh, London, UK, punjab, Bengali,",nan,2021-02-26 23:10:24.155416,"money launder, ",No,https://www.dnaindia.com/india/report-mumbai-s-arthur-road-jail-prepared-to-lodge-fugitive-diamond-merchant-nirav-modi-details-here-2877864
"Quetta Gladiators Dream11, ICC, RBI, SSC, YouTube, Moscow Pact, Madras High Court, SBI, Flipkart, Govt, BMW, Bharat Biotech, NASA, Twitter, Facebook, Raw Mango's, ISI, OPEC, UNGA, the United Nations General Assembly, Zee News, Hindi News, Diligent Media Corporation Ltd.,","Karnataka, India, Tamil Nadu, Odisha, Malkangiri, Delhi, Jalgaon, Mumbai, Maharashtra, Ethiopia, Tigray, Brazil, US, Sri Lanka, Nepal, Uttar Pradesh, Japan, Pakistan, Bengali,",nan,2021-02-26 23:10:38.288031,"drug trafficking, terror, ",No,https://www.dnaindia.com/authors/palki-sharma-upadhyay
"Quetta Gladiators Dream11, ICC, RBI, SSC, YouTube, Moscow Pact, Madras High Court, SBI, Flipkart, Govt, BMW, Bharat Biotech, NASA, Twitter, Facebook, Raw Mango's, ISI, the Afghan Taliban, Indian Embassy, Inter-Services Intelligence, ISIS, Al-Qaeda, Guardian, CIA, Haqqani, Lashkar-e-Taiba, Jaish-e-Mohammad, Zee News, Hindi News, Diligent Media Corporation Ltd.,","Karnataka, India, Tamil Nadu, Odisha, Malkangiri, Delhi, Jalgaon, Mumbai, Maharashtra, Ethiopia, Tigray, Brazil, US, Sri Lanka, Nepal, Uttar Pradesh, Pakistan, Britain, Canada, Sweden, Netherlands, Balochistan, Pathankot, Pulwama-, Kabul, Afghanistan, Iran, Kandahar, Karachi, Quetta, London, Iraq, Rawalpindi, the United Kingdom, Bengali,",nan,2021-02-26 23:15:11.862911,"terror, ",No,https://www.dnaindia.com/analysis/column-gravitas-plus-is-isi-the-death-squad-employed-by-pakistan-find-out-2864293
"USA TODAY, USA TODAY's, the Community-University Health Care Center, Newsmax, OANN, NASCAR Cup Series, LTA, Fox News', Dominion Voting Systems, the Tampa Bay Buccaneers', the Buffalo Bills, Mets, Aerojet Rocketdyne, C-Span, Capitol, CDC, Staples, Office Depot, Capitol Police, Denison University, The Associated Press, CBS, NFL, UPS, BMW, Buick, Chevrolet, Ford, Honda, Hyundai, Infiniti, Lamborghini, Mercedes-Benz, Nissan, Porsche, Rolls-Royce, Toyota, Volkswagen, Volvo, Gannett Satellite Information Network, LLC, Sports Weekly, USA TODAY Shop,","Minneapolis, U.S., Connecticut, Missouri, Kansas City's, Mexico City, Ohio, Rocky Mount, Virginia, Illinois, America, USA,",nan,2021-02-26 23:32:34.186217,"terror, ",No,https://www.usatoday.com/story/news/2021/01/11/corrections-clarifications-2021/6629259002/
"Pentagon, Legislative Council, BJP, CBI, Congress, Parliament, Niti Aayog, NEP, Manchester City, Centre, Bengal Assembly, Xiaomi, Twitter, ICC, Bamboo Training and Research Institute, CID, FATF, FIFA, PSU, UPSC, CSK, KKR, CBSE, Bangalore News, Express Group, The Indian Express, The Financial Express, MyInsuranceClub, DNPA, The Indian Express [,","Bangla, Hindi, India, US, Syria, J&K, TN, Puducherry, Delhi, Islamabad, Pak, Pakistan, Karachi, Colombo, Maldives, Kathmandu, Haryana, Baghpat, UP, Ahmedabad, China, Kerala, Ladakh, Maharashtra, Mumbai, Pune, Motera, Bombay, Rajasthan, Sattur, Tamil Nadu, Arunachal Pradesh, Manipur, Bangalore, West Bengal, Loksatta,",nan,2021-02-27 00:10:08.686277,"terror, terror financing, ",No,https://indianexpress.com/section/opinion/editorials/
"Centre, Twitter, SC, Court, MKSS, DOT, the Supreme Court, Trai, Delhi University, NEP, Manchester City, Xiaomi, ICC, Bamboo Training and Research Institute, CID, FATF, FIFA, PSU, UPSC, CSK, KKR, CBSE, Bangalore News, Express Group, The Indian Express, The Financial Express, MyInsuranceClub, DNPA, The Indian Express [,","Bangla, Hindi, India, Delhi, Kerala, China, Ladakh, Maharashtra, Mumbai, Pune, Motera, Pak, Bombay, Rajasthan, Sattur, Tamil Nadu, Arunachal Pradesh, Manipur, Bangalore, West Bengal, Loksatta,",nan,2021-02-27 00:10:30.515512,"terror, terror financing, ",No,https://indianexpress.com/profile/columnist/apar-gupta/
"Goa University, BJP, Google, Constituent Assembly, National Development Council, NEP, Manchester City, Centre, Xiaomi, Twitter, ICC, Bamboo Training and Research Institute, CID, FATF, FIFA, PSU, UPSC, CSK, KKR, CBSE, Bangalore News, Express Group, The Indian Express, The Financial Express, MyInsuranceClub, DNPA, The Indian Express [,","Bangla, Hindi, India, Kerala, America, UAE, Germany, Goa, China, Ladakh, Maharashtra, Mumbai, Pune, Motera, Pak, Bombay, Rajasthan, Sattur, Tamil Nadu, Arunachal Pradesh, Manipur, Bangalore, Delhi, West Bengal, Loksatta,",nan,2021-02-27 00:10:43.304925,"terror, terror financing, ",No,https://indianexpress.com/profile/columnist/peter-ronald-desouza/
"NEP, Manchester City, Centre, Xiaomi, Twitter, ICC, Bamboo Training and Research Institute, CID, FATF, FIFA, PSU, UPSC, CSK, KKR, CBSE, Bangalore News, Express Group, The Indian Express, The Financial Express, MyInsuranceClub, DNPA, The Indian Express [,","Bangla, Hindi, India, China, Tibet, Ladakh, Beijing, Kerala, Maharashtra, Mumbai, Pune, Motera, Pak, Bombay, Rajasthan, Sattur, Tamil Nadu, Arunachal Pradesh, Manipur, Bangalore, Delhi, West Bengal, Loksatta,",nan,2021-02-27 00:11:30.677950,"terror, terror financing, ",No,https://indianexpress.com/profile/columnist/claude-arpi/
"Ministry of Education, NEP, Manchester City, Centre, Xiaomi, Twitter, ICC, Bamboo Training and Research Institute, CID, FATF, FIFA, PSU, UPSC, CSK, KKR, CBSE, Bangalore News, Express Group, The Indian Express, The Financial Express, MyInsuranceClub, DNPA, The Indian Express [,","Bangla, Hindi, India, Kerala, China, Ladakh, Maharashtra, Mumbai, Pune, Motera, Pak, Bombay, Rajasthan, Sattur, Tamil Nadu, Arunachal Pradesh, Manipur, Bangalore, Delhi, West Bengal, Loksatta,",nan,2021-02-27 00:13:35.169769,"terror, terror financing, ",No,https://indianexpress.com/profile/columnist/anita-karwal/
"Aarin Capital, NEP, Manchester City, Centre, Xiaomi, Twitter, ICC, Bamboo Training and Research Institute, CID, FATF, FIFA, PSU, UPSC, CSK, KKR, CBSE, Bangalore News, Express Group, The Indian Express, The Financial Express, MyInsuranceClub, DNPA, The Indian Express [,","Bangla, Hindi, India, Kerala, China, Ladakh, Maharashtra, Mumbai, Pune, Motera, Pak, Bombay, Rajasthan, Sattur, Tamil Nadu, Arunachal Pradesh, Manipur, Bangalore, Delhi, West Bengal, Loksatta,",nan,2021-02-27 00:15:39.449065,"terror, terror financing, ",No,https://indianexpress.com/profile/columnist/tv-mohandas-pai/
"NEP, Manchester City, Centre, Xiaomi, Twitter, ICC, Bamboo Training and Research Institute, CID, FATF, FIFA, PSU, UPSC, CSK, KKR, CBSE, Bangalore News, Express Group, The Indian Express, The Financial Express, MyInsuranceClub, DNPA, The Indian Express [,","Bangla, Hindi, India, France, Kerala, China, Ladakh, Maharashtra, Mumbai, Pune, Motera, Pak, Bombay, Rajasthan, Sattur, Tamil Nadu, Arunachal Pradesh, Manipur, Bangalore, Delhi, West Bengal, Loksatta,",nan,2021-02-27 00:17:35.936168,"terror, terror financing, ",No,https://indianexpress.com/profile/columnist/kapil-komireddi/
"Nippon India, SBI, Mirae Asset Emerging Bluechip Fund, Nokia, ET Markets, ET India Inc., The Economic Times Digital Payments Forum, Lok Sabha, ET TV, IMF, BJP, Ministry of Finance, Delhi News, Mumbai News, Bangalore News, Ministry of Corporate Affairs, Sensex Live, IRCTC, Infosys, Health News, IT News, IT Security News, AdAge India, Times of India, Bombay Times, ET Prime, Times Internet Limited, Bennett, Coleman & Co. Ltd., Times Syndication Service,","India, UAE, Saudi Arabia, US, Bihar, Delhi, USSR, West Bengal, Kolkata, Puducherry, Kerala, Tamil Nadu, Bangalore, Colombia, New Delhi,",nan,2021-02-27 00:40:21.992342,"terror, ",No,https://economictimes.indiatimes.com/news/economy/policy/budget-marks-directional-change-for-indian-economy-nirmala-sitharaman/articleshow/81210236.cms
"BJP, Congress, UN, Covishield, the Manipur Press Club, SIT, Assembly, the All Manipur Working Journalist Union, AMWJU, Editorâs Guild Manipur, EGM, Centre, House, Co-ordination Committee, CorCom, Alliance for Socialist Unity, Kangleipak, ASUK, NITI Aayog, UAPA, Xiaomi, Twitter, PSA Raghavan, AMC, ICC, BMC, FIFA, PSU, UPSC, CSK, KKR, CBSE, Bangalore News, Express Group, The Indian Express, The Financial Express, MyInsuranceClub, DNPA, The Indian Express [,","Bangla, Hindi, India, Sri Lanka, Gujarat, Delhi, SC, Bengal, Assam, Manipur, Arunachal Pradesh, Manipur Anganwadi, Tungjoy, Keishampat, Imphal, Peh, Paoyi, Myanmar, Moreh, Nagaland, Covid, Dharavi, Bombay, Goa, Punjab, Bangalore, Mumbai, West Bengal, Tamil Nadu, Loksatta,",nan,2021-02-27 01:49:59.805130,"terror, ",No,https://indianexpress.com/section/north-east-india/manipur/
"Pentagon, Legislative Council, BJP, CBI, Congress, Centre, SSA, Meghalaya Tourism, HC, The Shillong Times, KSU, the Atomic Minerals Directorate, AMD, JAC, Bethany Hospital, Xiaomi, Twitter, PSA Raghavan, AMC, ICC, BMC, FIFA, PSU, UPSC, CSK, KKR, CBSE, Bangalore News, Express Group, The Indian Express, The Financial Express, MyInsuranceClub, DNPA, The Indian Express [,","Bangla, Hindi, India, US, Syria, J&K, TN, Puducherry, Manipur, Arunachal Pradesh, MEGHALAYA, Meghalaya, Bangladesh, Ichamati, Khasiland, RiBhoi, Bihar, Goa, Shillong, the Dorbar Shnong, Lawsohtun, Dorbar Shnongs, Bengal, Covid, Dharavi, Bombay, Punjab, Bangalore, Delhi, Mumbai, West Bengal, Tamil Nadu, Loksatta,",nan,2021-02-27 01:50:20.478989,"terror, ",No,https://indianexpress.com/section/north-east-india/meghalaya/
"Sunday Herald, UN, GI, Mysore, Navalgund, Spices Board, Gi Tagged World Premium Products (P) Ltd, Kasuti, Karnataka Silk Industries Corporation Ltd, KSIC, the Basel Mission, MCM Photography, HC, Facebook, Railways, AC, Twitter, Jay-Z, TMC,","Bengaluru, Karnataka, Australia, India, US, Myanmar, Mysore, Ilkal, Bagalkot, Dharwad, Molakalmuru, Chitradurga, Ranebennur, Melkote, Saurashtra, Andhra Pradesh, Ballari, Udupi, Navalgund, Sheikh Sayeedi, Bijapur, Vijayanagar, Guledgudd, Surathkal, Hejamadi, K'taka, Canada, Tennessee, Wales, Tajikistan,",nan,2021-02-27 02:15:26.269267,"money launder, ",No,https://www.deccanherald.com/spectrum/karnatakas-heritage-weaves-950701.html
"Finance, Union Budget, Centre, Atmanirbhar Bharat, Hindu, Public (Elections) Dept, Union Health Ministry's, THG PUBLISHING PVT LTD, The Hindu, Supreme Court's, Indian Science Congress, Ministry of Home Affairs, MHA, Supreme Courtâs, Parliamentary Estimates Committee, Motera, Qualcomm, Govt, BJP, NSE, Micromax, ULFA, J&J, U.P., Centre for Science and Environment, Young World Club,","Pangong Tso, Tamil Nadu, TN, Chennai, Ayodhya, India, Pakistan, Russia, India Pakistan, Kerala, Vietnam, Gulmarg, UK, West Bengal, Hapur, U.T., Odisha, U.S., Saudi Arabia, Hyderabad, Bengaluru, Andhra Pradesh, Karnataka, Delhi, Mumbai, Madurai, Bihar, Puducherry, Assam, China, Coimbatore, Maharashtra,",nan,2021-02-27 02:16:53.879121,"terror, ",No,https://www.thehindu.com/news/resources/union-budget-2021-2022/article33716563.ece
"NDTV, BCCI, Redmi, Tesla, New Delhi Television Limited, Service, NDTV Convergence Ltd, Company,","India, Ahmedabad, U.S., INDIA, New Delhi,",nan,2021-02-27 02:34:41.557808,"money launder, ",No,https://www.ndtv.com/convergence/ndtv/new/termsofusage.aspx?pfrom=home-ndtv_footer
"BJP, Congress, UN, LS, Army, IAF, Rajya Sabha, Yes Bank, AGMUT, the Delhi Police, the Central Reserve Police Force, CRPF, the Intergovernmental Panel on Climate Change, Supreme Court, the Ram Janmabhoomi Teerth Kshetra Trust, IndiGo, Air India, GoAir, SpiceJet, the Indian Army, the Jammu and Kashmir Police's, Xiaomi, Twitter, PSA Raghavan, AMC, ICC, BMC, FIFA, PSU, UPSC, CSK, KKR, CBSE, Bangalore News, Express Group, The Indian Express, The Financial Express, MyInsuranceClub, DNPA, The Indian Express [,","Bangla, Hindi, India, Sri Lanka, Gujarat, Delhi, SC, Bengal, Assam, US, Kenosha, Varanasi, Pakistan, Lakshmangarh, Kerala, Bombay, Mumbai, London, Rajasthan, Gwalior, Madhya Pradesh, Ayodhya, South Bend, Indiana, Kenya, Iraq, UK, Afghanistan, Kunar province, Srinagar, Covid, Dharavi, Goa, Punjab, Arunachal Pradesh, Manipur, Bangalore, West Bengal, Tamil Nadu, Loksatta,",nan,2021-02-27 02:45:24.796883,"money launder, ",No,https://indianexpress.com/section/who-is/
"Sunday Herald, Puducherry Assembly, DH Radio, Hindutva, BJP, Congress, DMK, Zoho,","Bengaluru, Karnataka, Puducherry, US, Maharashtra, Assam, India, Covid, K'taka,",nan,2021-02-27 03:05:27.114155,"terror, ",No,https://www.deccanherald.com/opinion/comment/standing-your-ground-a-toolkit-953561.html
"Facebook, The Indian Express, BigFM, BMC, AVSM, NSG, Kings United, Indian Navy, Maharashtra Police Pipe Band,","Mumbai, Ludhiana, Covid, India,",nan,2021-02-27 04:26:40.857276,"terror, ",No,https://indianexpress.com/26-11/
"Dow Jones, News Corp, WSJ, Dow Jones Newswires, Mansion Global, MarketWatch, WSJ Live, The Wall Street Journal, Washington Wire, Venture Capital, WSJ Money, WSJ. Magazine, Airbnb, Vrbo, WSJ News Exclusive, Oyo Hotels & Homes, The Petersen Automotive Museum, Porsche, Ferrari, Lamborghini, Marriott, Madison Square Gardenâs, the New York City Council, the Four Seasons New Orleans Hotel and Private Residences, Facebook, J&J, FDA, TikTok, WSJ+, WSJ High School Program, Dow Jones Products, WSJ Wine, Dow Jones & Company,","Canada, China, U.S., New York, New Jersey, New York City, Montecito, Manhattan, Sydney, Las Vegas, London, New Orleans, Aspen, Florida, NYC, Syria, Iran, Wuhan,",nan,2021-02-27 04:45:42.255111,"money launder, ",No,https://www.wsj.com/news/business/hotels-casinos?mod=nav_top_subsection
"SME, ICC, YES Bank, Bank of America's, Yes Bank, the Enforcement Directorate, RBI, The Enforcement Directorate, Frank Anthony Public School, Shri Ram College of Commerce, Delhi University, Rutgers University, Ernst & Young's, All India Management Association, AIMA, GB Pant University of Agriculture & Technology, ED, The Quorum, WhatsApp, Covid, Business Standard, CBI, CKL, Yes Bank's, Business Standard Pvt Ltd.,","India, England, Delhi, Barakhamba, New Delhi, US, Mumbai, London,",nan,2021-02-27 05:50:55.591248,"money launder, ",No,https://www.business-standard.com/about/who-is-rana-kapoor
"BBC Homepage, BBC News, World News TV, AFP, CIA, the White House, MBN, al-Qaeda, MBS, IS, Reuters, BBC News Services,","US, Canada, UK, Israel, Saudi Arabia's, Ankara, Riyadh, Turkey, Washington, America, Iran, Lebanon, Syria, Iraq, Yemen, Russia, China, United States, India, Dubai,",nan,2021-02-27 06:00:07.896470,"terror, ",No,https://www.bbc.com/news/world-us-canada-56206325
"Dow Jones, News Corp, WSJ, Dow Jones Newswires, Mansion Global, MarketWatch, WSJ Live, The Wall Street Journal, Washington Wire, Venture Capital, WSJ Money, WSJ. Magazine, The Wall Street Journal/Europe, the Asian Wall Street Journal, the Far Eastern Economic Review, National Review, the Council on Foreign Relations, Notre Dame, Boston University, Harvard, Senate, a Joe Biden, Justice Department, J&J, FDA, TikTok, Facebook, WSJ+, WSJ High School Program, Dow Jones Products, WSJ Wine, Dow Jones & Company,","Canada, China, U.S., New York, Brussels, Hong Kong, Washington, Covid, Georgia, Beijing, Wuhan, Syria, Iran, NYC,",nan,2021-02-27 06:25:40.673696,"terror, ",No,https://www.wsj.com/news/author/william-mcgurn?mod=nav_top_subsection
"SME, ICC, the Bharatiya Janata Party, BJP, Lok Sabha Constituency, the Joint Committee on Salaries and Allowances of Members of Parliament, the Standing Committee on Urban Development, Delhi Assembly, Congress, Delhi Vidhan Sabha, Kirori Mal College, the Delhi University, DU, the Fore School of Management, AAP, SC, EC, Business Standard Pvt Ltd.,","India, England, West Delhi, Mehrauli, Vishwas Nagar, Thakur,",nan,2021-02-27 06:51:30.526329,"terror, ",No,https://www.business-standard.com/about/who-is-parvesh-verma
"SME, ICC, the Bharatiya Janata Party, BJP, Legislative Assembly, MLA, Aam Aadmi Party, AAP, Satyawati College, the Delhi University, DU, Delhi University Students Union, DUSU, Municipal Corporation of Delhi, MCD, the Delhi Assembly, Congress, Jawaharlal Nehru University Students Union, JNUSU, House, Opposition, Business Standard Pvt Ltd.,","India, England, Vishwas Nagar, New Delhi, Chandni Chowk, New Delhiâs, Vishwas Nagar's, East Delhi,",nan,2021-02-27 06:52:25.799309,"terror, ",No,https://www.business-standard.com/about/who-is-om-prakash-sharma
"SME, ICC, Union, Indian Foreign Service, IFS, the United Nations, the United Nations Security Council Counter-Terrorism Committee, UNSC, the Independent Commission on Multilateralism, the International Peace Institute, Hindu College, the Delhi University, DU, St Stephen's College, the Ministry of External Affairs, Government of India, the Ministry of Defence, the UNDP/UNCTAD Multilateral Trade Negotiations Project, the Bharatiya Janata Party, BJP, State, Housing and Urban Affairs and Civil Aviation, ATF, Air India, the Vande Bharat Mission, Centre, AAI, PPP, Adani Group, Business Standard Pvt Ltd.,","India, England, New York, Delhi, Brazil, Japan, Sri Lanka, the United Kingdom, Puri, Pune,",nan,2021-02-27 06:57:13.035527,"terror, ",No,https://www.business-standard.com/about/who-is-hardeep-singh-puri
"SME, ICC, the Aam Aadmi Party, AAP, the Rajya Sabha, Orissa School of Mining Engineering, the Azad Samaj Seva Samiti, the âAzad Sewa Samitiâ, the National Hawkersâ Association., SC, RS, Centre, BJP, Business Standard Pvt Ltd.,","India, England, Delhi, Uttar Pradesh's, Sultanpur, Keonjhar, Punjab, UP, Shaheen Bagh,",nan,2021-02-27 07:00:59.718631,"terror, ",No,https://www.business-standard.com/about/who-is-sanjay-singh
"Nippon India, SBI, Mirae Asset Emerging Bluechip Fund, Nokia, ET Markets, ET India Inc., The Economic Times Digital Payments Forum, Lok Sabha, ET TV, NIA, Qaeda, ET Bureau, al-Qaeda, National Investigation Agency, Home Ministry, Rajya Sabha, PFI, Ministry of Finance, Indian Air Force, Indian Armed Forces News, Ministry of Coal, NRC, CAA, Sensex Live, IRCTC, Infosys, Ministry of Agriculture, Ministry of External Affairs, Health News, IT News, IT Security News, AdAge India, Times of India, Bombay Times, ET Prime, Times Internet Limited, Bennett, Coleman & Co. Ltd., Times Syndication Service, DocuBay, TimesPrime,","India, UAE, Saudi Arabia, US, Bihar, Delhi, West Bengal, Kerala, Pakistan, Bangladesh, Israel, Puducherry, Mumbai, Bangalore, Colombia, New Delhi,",nan,2021-02-27 08:05:43.093793,"terror, ",No,https://economictimes.indiatimes.com/news/politics-and-nation/nia-files-charge-sheet-against-11-qaeda-inspired-module-members/articleshow/81233915.cms
"Nippon India, SBI, Mirae Asset Emerging Bluechip Fund, Nokia, ET Markets, ET India Inc., The Economic Times Digital Payments Forum, Lok Sabha, ET TV, BJP, Congress, ET Bureau, Election Commission, AIUDF, AIADMK, Trinamool Congress, Assembly Elections, Ministry of Finance, Indian Air Force, Indian Armed Forces News, Ministry of Coal, NRC, CAA, Sensex Live, IRCTC, Infosys, Ministry of Agriculture, Ministry of External Affairs, Health News, IT News, IT Security News, AdAge India, Times of India, Bombay Times, ET Prime, Times Internet Limited, Bennett, Coleman & Co. Ltd., Times Syndication Service, DocuBay, TimesPrime,","India, UAE, Saudi Arabia, US, Bihar, Delhi, West Bengal, Odisha, Union Territory, Assam, Kerala, Tamil Nadu, Puducherry, WB, China, Mumbai, Bangalore, Colombia, New Delhi,",nan,2021-02-27 08:06:50.714153,"terror, ",No,https://economictimes.indiatimes.com/news/politics-and-nation/in-election-year-bjp-eyes-new-turf-cong-and-others-look-at-retaining-strength/articleshow/81233909.cms
"SME, ICC, Jindal Steel and Power Limited, O P Jindal, World Economic Forum, Congress, the Lok Sabha, the Bharatiya Janata Partyâs, the University of Texas, the Supreme Court of India, Colgate, India Inc, RP-Sanjiv Goenka Group, JSPL, Bhilai Steel Plant, SAIL, PSU, LS, Delhi Court, Business Standard Pvt Ltd.,","India, England, Haryana, Kurukshetra, US, Odisha, Jharkhand|, Delhi,",nan,2021-02-27 08:25:37.259404,"money launder, ",No,https://www.business-standard.com/about/who-is-naveen-jindal
"SME, ICC, Indian Police Services, IPS, Indian Airlines, the Indian High Commission, the Intelligence Bureau, IB, Vivekananda International Foundation, Army, National Socialist Council of Nagaland, Cabinet, National Democratic Alliance, NDA, NSA, Business Standard Pvt Ltd.,","India, England, Kerala, Uttarakhand, Pakistan, Doklam, Mizoram, Punjab, Kandahar, Islamabad, Jammu & Kashmir, Tikrit, Iraq, Myanmar, US, SC, Sri Lanka, Maldives, Ladakh, China, Jammu and Kashmir,",nan,2021-02-27 08:28:02.816085,"terror, ",No,https://www.business-standard.com/about/who-is-ajit-doval
"SME, ICC, Rajya Sabha, Mallya, United Spirits, United Breweries Group, Sanofi India, Bayer CropScience, Kingfisher Airlines, UB Spirits, UB Group, the Debt Recovery Tribunal, the London High Court, AgustaWestland, Centre, Mangalore Chemicals and Fertilisers, Vijay Mallya's, the Court Funds Office, CFO, SBI, the State Bank of India, the High Court, Business Standard Pvt Ltd.,","India, England, UK, London,",nan,2021-02-27 08:30:14.713036,"money launder, ",No,https://www.business-standard.com/about/who-is-vijay-mallya
"SME, ICC, DKS, Congress, Rajya Sabha, BJP, the Enforcement Directorate, ED, the I-T Department, Gujarat Congress, CBI, SC, The Supreme Court, the Youth Congress, Business Standard Pvt Ltd.,","India, England, Karnataka, Kanakapura, Bengaluru, Maharashtra, Gujarat, Karnataka Coong,",nan,2021-02-27 08:30:23.848699,"money launder, ",No,https://www.business-standard.com/about/who-is-d-k-shivakumar
"Nippon India, SBI, Mirae Asset Emerging Bluechip Fund, Nokia, ET Markets, ET India Inc., The Economic Times Digital Payments Forum, Lok Sabha, ET TV, ET Bureau, Parliament, CPEC, LoC, Islamic State, Cabinet, Delhi News, Mumbai News, Bangalore News, Ministry of Corporate Affairs, Sensex Live, IRCTC, Infosys, Health News, IT News, IT Security News, AdAge India, Times of India, Bombay Times, ET Prime, Times Internet Limited, Bennett, Coleman & Co. Ltd., Times Syndication Service, DocuBay, TimesPrime,","India, UAE, Saudi Arabia, US, Bihar, Delhi, Pakistan, Sri Lanka, the Sri Lankaâs, Lahore, Gilgit Baltistan, West Bengal, Kolkata, Puducherry, Kerala, Tamil Nadu, Bangalore, Colombia, New Delhi,",nan,2021-02-27 09:31:56.721990,"terror, ",No,https://economictimes.indiatimes.com/news/international/world-news/pakistan-pm-imran-khans-visit-fails-to-win-hearts-of-lankan-buddhists/articleshow/81233642.cms
"SME, ICC, the Bharatiya Janata Party, BJP, National Democratic Alliance, NDA, Union, the Indian Army, the Lok Sabha, Rajya Sabha, Indian Airlinesâ, AIADMK, the United Progressive Alliance's, Congress, Rajasthan Assembly, Business Standard Pvt Ltd.,","India, England, Kandahar, the United States of America, Pakistan, Barmer, Jodhpur, Rajasthan, Uttar Pradesh, Sheo,",nan,2021-02-27 09:40:45.206207,"terror, ",No,https://www.business-standard.com/about/who-is-jaswant-singh
"CBBC, BBC News, World News TV, NHS, Royal Navy, Covid, Derby, Forest, Sale, Exeter, Somerset Waste Partnership, BBC Sport, BBC London, Man Utd, Manchester United, Rams, Nottingham Forest, Wales, BBC Future, BBC Worklife, BBC Travel, BBC Culture, BBC Earth, BBC News App, BBC News Services,","US, Canada, UK, England, Australia, Scotland, Covid, Isle of Wight, Manchester, Leeds, Britain, London, Wales, India, Ahmedabad, Sheffield, Sunak, Cardiff,",nan,2021-02-27 10:03:55.456485,"terror, ",No,https://www.bbc.com/news/england
"Financial Times, Nasdaq, Treasury, McKinsey, High Court, Barclays, GE, Soho House, ECB, Delta, FT Magazine, Live Nation, Amazon, Public Investment Fund of Saudi Arabia, the Public Investment Fund, UN, HSBC, BlackRock, NY Times, the FT Group, THE FINANCIAL TIMES LTD, The Financial Times Ltd.,","UK, US, China, Iran, Syria, Scotland, Covid, England, Canada, New York, Australia, Mexico, Tulum, Washington, Saudi Arabiaâs, Turkey, Riyadh,",nan,2021-02-27 10:09:12.160152,"terror, ",No,https://www.ft.com/stream/1d4b7061-0714-4e9d-871d-56e6a0a0d571
"Dow Jones, News Corp, WSJ, Dow Jones Newswires, Mansion Global, MarketWatch, WSJ Live, The Wall Street Journal, Washington Wire, Venture Capital, WSJ Money, WSJ. Magazine, J&J, FDA, GameStop, GameStop Corp., United Airlines, The Justice Department, WSJ News Exclusive, McDonaldâs, Nikola, SPACs, AMC, Nextdoor, UPS, Fidelity, McKinsey, Michaels, Tesla, Energy, HealthCare, HHS, Mayo Clinic, Facebook, AT&T, DirecTV, IBM, MoneyGram, Autodesk, EY, Baker Hughes, SEC, TuSimple, ViacomCBS, TikTok, WSJ+, WSJ High School Program, Dow Jones Products, WSJ Wine, Dow Jones & Company,","Canada, China, U.S., New York, N.J., Texas, U.K., California, Oaktree, Cayman Islands, Morocco, Syria, Iran, NYC, Wuhan,",nan,2021-02-27 10:20:46.252509,"terror, ",No,https://www.wsj.com/news/business?mod=hp_lista_strap
"Dow Jones, News Corp, WSJ, Dow Jones Newswires, Mansion Global, MarketWatch, WSJ Live, The Wall Street Journal, Washington Wire, Venture Capital, WSJ Money, WSJ. Magazine, Agence France-Presse, the Government Girls Secondary School, the Kagara Government Science College, the Daily Trust, the Safe Schools Initiative, the United Nations, Boko Haram, Dow Jones & Company, Inc., J&J, FDA, TikTok, The Censorship Party, Facebook, Target, Macy's, Walmart, eBay, House, AMC, UPS, WSJ+, WSJ High School Program, Dow Jones Products, WSJ Wine,","Canada, China, U.S., New York, Jangede, Nigeria, Jangebe, Zamfara, Rugu, Katsina, Chibok, Borno, Kagara, Jengebe, Wuhan, NYC, Riyadh,",nan,2021-02-27 10:35:47.605488,"terror, ",No,https://www.wsj.com/articles/more-than-100-girls-kidnapped-in-latest-nigerian-school-abduction-11614338957?mod=hp_listb_pos1
"SME, ICC, National Defence Fund, the National Defence Fund, NDF, the Armed Forces, the Para Military Forces, Railway Protection Force, AICTE, the Railways Ministry, the Ministry of Home Affairs, Ministry of Railways, the SPG Family Welfare Fund, the Ministry of Defence, Army, Navy, Air Force, the Coast Guard, NATIONAL DEFENCE FUND, Business Standard Pvt Ltd.,","India, England,",nan,2021-02-27 10:59:40.571896,"terror, ",No,https://www.business-standard.com/about/what-is-national-defence-fund
"Financial Times, Nasdaq, Treasury, McKinsey, High Court, Barclays, GE, Soho House, ECB, Delta, FT Magazine, REUTERS, LinkedIn, the Government Girls Science Secondary School, Unicef, Boko Haram, The Financial Times Limited, the FT Group, THE FINANCIAL TIMES LTD, The Financial Times Ltd.,","UK, US, China, Iran, Syria, Scotland, Covid, England, Canada, New York, Australia, Mexico, Tulum, Nigeria, Lagos, Jangebe, Zamfara, Katsina, Chibok, Borno,",nan,2021-02-27 11:19:07.968500,"terror, ",No,https://www.ft.com/content/515ec347-0427-447d-8a74-8d9805dfe410
"Dow Jones, News Corp, WSJ, Dow Jones Newswires, Mansion Global, MarketWatch, WSJ Live, The Wall Street Journal, Washington Wire, Venture Capital, WSJ Money, WSJ. Magazine, The Financial Action Task Force, Reuters, FATF, Baker Hughes, SEC, Treasury, Dow Jones & Company, Inc., Deloitte, Halliburton, The Wall Street Journal News Department, J&J, FDA, TikTok, The Censorship Party, Facebook, Target, Macy's, Saks Fifth Avenue, Old Navy, House, AMC, WSJ+, WSJ High School Program, Dow Jones Products, WSJ Wine,","Canada, China, U.S., New York, Cayman Islands, Morocco, Burkina Faso, the Cayman Islands, Senegal, Paris, The Cayman Islands, Pakistan, Washington, U.K., New Zealand, New Zealandâs, the United States, Wuhan, NYC, Riyadh, Biden,",nan,2021-02-27 11:50:15.700508,"terror, money launder, ",No,https://www.wsj.com/articles/cayman-islands-morocco-placed-on-terror-financing-watch-list-11614301887?mod=hp_minor_pos11
"Dow Jones, News Corp, WSJ, Dow Jones Newswires, Mansion Global, MarketWatch, WSJ Live, The Wall Street Journal, Washington Wire, Venture Capital, WSJ Money, WSJ. Magazine, SEC, Bloomberg News, The Securities and Exchange Commission, the European Union, the Federal Reserve, the Network of Central Banks and Supervisors for Greening the Financial System, Treasury, Risk & Compliance Journal, Baker Hughes, Dow Jones & Company, Inc., Deloitte, Halliburton, The Wall Street Journal News Department, J&J, FDA, TikTok, The Censorship Party, Facebook, Target, Macy's, Saks Fifth Avenue, Old Navy, House, AMC, WSJ+, WSJ High School Program, Dow Jones Products, WSJ Wine,","Canada, China, U.S., New York, Cayman Islands, Morocco, U.K., Wuhan, NYC, Riyadh, Biden,",nan,2021-02-27 11:50:38.659901,"terror, ",No,https://www.wsj.com/articles/sec-opens-review-of-corporate-climate-change-disclosures-11614215912?mod=hp_minor_pos12
"Nippon India, SBI, Mirae Asset Emerging Bluechip Fund, Nokia, ET Markets, ET India Inc., The Economic Times Digital Payments Forum, IFSC, Wealth Magazine, ET Wealth Newsletter, ET Online, the Supreme Court's, the Unique Identification Authority of India, UIDAI, Finance, Common Service Centre, CSC, Aadhaar Seva Kendra, The Supreme Court, CBDT, IDinsight, State, The Indian Railways, EPFO, Govt, EPS, The Reserve Bank of India, RBI, The Unique Identification Authority of India, the Department of Post, BSE, MF, Airtel, Bharti Airtel, LIC, Life Insurance Corporation of India, Atal Pension Yojana, The Pension Fund Regulatory and Development Authority, PFRDA, APY, The Insurance Regulatory and Developement Authority of India, Irdai, the Department of Telecommunication's, Parliament, NPCI, Constitution Bench, CAMS, the Varishtha Pension Bima Yojana, NPS, the Pension Fund Regulatory and Development Authority's, Central Record-keeping Agency, UAN, The Employees' Provident Fund Organisation, NCR India, the Aadhaar Seva Kendra, ICICI Bank, Sensex Live, IRCTC, Infosys, Health News, IT News, IT Security News, AdAge India, Times of India, Bombay Times, ET Prime, Times Internet Limited, Bennett, Coleman & Co. Ltd., Times Syndication Service, DocuBay, TimesPrime,","India, Delhi, Chennai, Bhopal, Agra, Hisar, Vijayawada, Chandigarh, Patna, Guwahati, States, Puducherry, Kerala, West Bengal, Bangalore, Colombia, New Delhi,",nan,2021-02-27 11:55:09.898599,"money launder, ",No,https://economictimes.indiatimes.com/wealth/personal-finance-news/aadhaar-everything-you-need-to-know-about-it/articleshow/60173210.cms
"SME, ICC, the Ministry of Finance, India Post, the Government of India, a Government Committee, Shyamala Gopinath Committee, KVP, India Post Offices, Kisan Vikas Patra, Business Standard Pvt Ltd.,","India, England,",nan,2021-02-27 12:05:19.739308,"money launder, ",No,https://www.business-standard.com/about/what-is-kisan-vikas-patra
"SME, ICC, Financial Crimes Enforcement Network, FinCEN, Department of the Treasury, the International Consortium of Investigative Journalists, ICIJ, Deutsche Bank, Bank of New York Mellon, BMYM, Standard Chartered Bank, Citibank, JP Morgan Chase, PricewaterhouseCoopers, HSBC, Mossack Fonseca, the US, the Drug Enforcement Administration, the Federal Bureau of Investigation, the Internal Revenue Service, Business Standard Pvt Ltd.,","India, England, the United States of America's, US, Luxembourg,",nan,2021-02-27 13:30:10.356742,"money launder, terror, ",No,https://www.business-standard.com/about/what-is-fincen
"SME, ICC, Shanghai Cooperation Organisation, SCO, the Shanghai Five, the Shanghai Cooperation Organisation, The Heads of State Council, HSC, Council of Heads of State, NATO, MEA, Ministry of External Affairs, RIC, WTO, Business Standard Pvt Ltd.,","India, England, SHANGHAI, China, Russia, Kazakhstan, Kyrgyzstan, Tajikistan, Uzbekistan, Pakistan, Moscow, Shanghai, Tehran, Ladakh, Afghanistan, Belarus, Iran, Mongolia, Bishkek, Pulwama,",nan,2021-02-27 14:06:19.490731,"terror, drug trafficking, ",No,https://www.business-standard.com/about/what-is-sco
"SME, ICC, YES Bank, NBFC, Infrastructure Leasing & Financial Services, Dewan Housing Finance Limited, DHFL, YES Bankâs, IL&FS, RBI, SBI, HC, Centre, PMC Bank, Yes Bank, the Central Bureau of Investigation, CBI, Moody's, Muthoot Finance's, YES Bank's, Business Standard Pvt Ltd.,","India, England, London, Delhi, Punjab, Maharashtra,",nan,2021-02-27 14:49:18.196572,"money launder, ",No,https://www.business-standard.com/about/what-is-yes-bank-crisis
"SME, ICC, Jamia Millia Islamia, Jamia Millia Islamia University, anti-CAA, All-India Institute of Medical Sciences, AIIMS, Holy Family Hospital, The Human Rights Watch, Delhi Assembly, BJP, Aam Aadmi Party, AAP, the Bhim Army, the Delhi Minorities Commission, The Delhi Police's, Parliament, House of Commons, Congress, Centre, NGOs, HC, United Against Hate, A Delhi Court, The Delhi High Court, the Legislative Assembly's, JNU, Business Standard Pvt Ltd.,","India, England, Delhi, Jaffrabad, Seelampur, Bhajanpura, Maujpur, Kardampuri, Babarpur, Gokalpuri, Shiv Puri, UP, Shamli, Turkey, United Kingdom, West Bengal, DELHI, Covid,",nan,2021-02-27 14:50:16.299030,"money launder, ",No,https://www.business-standard.com/about/what-is-delhi-riots-2020
"UN, United Nations, PTI, UN General Assembly, The Security Council, Naidu, State, the United Nations, the International Court of Justice, the UN Security Council, House, Senate, Lionsgate, PNS, RSS, Sunday Pioneer, The Pioneer, Infomedia Web Solutions,","Delhi, India, Bhopal, Bhubaneswar, Ranchi, Raipur, Hyderabad, China-Yunnan, Mumbai, Mexico, Pathankot, Pulwama, Pakistan, US, Syria, Iran, J&K, Lucknow,",nan,2021-02-27 15:23:02.054828,"terror, ",No,https://www.dailypioneer.com/2021/india-abroad/right-of-self-defence-applies-also-to-attacks-by-non-state-actors--india-tells-un-meeting.html
"Australian Financial Review, AFR Magazine, The Australian Financial Review, NASA, SpaceX, Space Agency, Starlink, Amazon, Virgin Orbit, Boeing, The Australian Space Agency, the International Space Station, Virgin Australia, Virgin Galactic, the Australian Space Agency, J&J, FDA, the US Food and Drug Administration, Nasdaq, Energy and Climate Summit, The Sydney Morning Herald,","Canberra, China, Australia, Long Beach, California, UAE, US, Japan, Melbourne,",nan,2021-02-27 15:30:44.508701,"terror, ",No,https://www.afr.com/topic/space-jaq
"SME, ICC, State Bank of India, NDA, SBI, Lok Sabha, Assembly, the Election Commission of India, ECI, The Congress party, the Supreme Court, the Finance Ministry, The Election Commission, the Supreme Court of India, Reserve Bank of India, HuffPost India, RBI, Govt, NGO, Bihar Assembly, The Election Commission of India, Centre, Unitech, SC, BJP, Trinamool Congress, Business Standard Pvt Ltd.,","India, England, New Delhi, Gandhinagar, Chandigarh, Bengaluru, Bhopal, Mumbai, Jaipur, Lucknow, Chennai, Kolkata, Guwahati, Bihar, SC, BJP,",nan,2021-02-27 16:10:50.190545,"money launder, ",No,https://www.business-standard.com/about/what-is-electoral-bond
"SME, ICC, Maharashtra Cooperative Bank, PMC Bank, Housing Development & Infrastructure, HDIL, the Reserve Bank of India, RBI, The Enforcement Directorate, the Mumbai Police, Economic Offences Wing, CBDT, SC, Bombay HC, Shivalik Mercantile, UCBs, Small Finance Bank, SFB, RTI, PMC Bank|, Business Standard Pvt Ltd.,","India, England, Punjab, Mumbai, Navi Mumbai, Thane, Palghar, Pune, Maharashtra, Bhandup,",nan,2021-02-27 16:16:49.006561,"money launder, ",No,https://www.business-standard.com/about/what-is-pmc-bank-crisis
"SME, ICC, AgustaWestland, Finmeccanica, Central bureau of Investigation, CBI, United Progressive Alliance, UPA, the Indian Air Force, IAF, Congress, Michel, ED, The Enforcement Directorate, the Delhi High Court, NBW, the Enforcement Directorate, Business Standard Pvt Ltd.,","India, England, Italy, UAE, Delhi, Pune, Tihar, Dubai,",nan,2021-02-27 16:20:12.510323,"money launder, ",No,https://www.business-standard.com/about/what-is-agustawestland-vvip-chopper-scam
"SME, ICC, Punjab National Bank, PNB, Brady House, Reserve Bank of India, The Enforcement Directorate, Allahabad Bank, Axis Bank, SWIFT, CBI, Diamonds R Us, Solar Exports, Stellar Diamonds, Forbes, Firestar International, AgustaWestland, Mumbai Police, Scotland Yard, ED, Gitanjali Gems, Business Standard Pvt Ltd.,","India, England, Fort, Mumbai, United Arab Emirates, UAE, British Virgin Island, Delhi, New York, Hong Kong, London, Macau, the United Kingdom, Britain, UK, Antigua, Barbuda,",nan,2021-02-27 16:20:38.900066,"money launder, ",No,https://www.business-standard.com/about/what-is-pnb-scam
"SME, ICC, The Financial Action Task Force, FATF, The FATF Secretariat, the Financial Action Task Force, LeT, JeM, JuD, IMF, World Bank, ADB, RBI, The Reserve Bank, non 'Financial Action Task Force, NBFC, Financial Action Task Forces, The Express Tribune, Financial Action Task Force's, Business Standard Pvt Ltd.,","India, England, Paris, US, North Korea, Iran, Bahamas, Botswana, Cambodia, Ethiopia, Ghana, Pakistan, Panama, Sri Lanka, Syria, Trinidad, Tunisia, Yemen, Mauritius, UAE,",nan,2021-02-27 16:24:46.819737,"money launder, terror, terror financing, ",No,https://www.business-standard.com/about/what-is-fatf
"SME, ICC, Congress, Artex, Sky Light Realty, North India IT Parks, Sky Light Hospitality, Real Earth Estates, Blue Breeze Trading, DLF, Bedarwals Infra Projects, VRS Infrastructure, Nikhil International, Vadra, DLF Limited, the Central Bureau of Investigation, CBI, the Enforcement Directorate, Allegenery Finlease, The Enforcement Directorate, United Progressive Alliance, UPA, ED, BJP, Business Standard Pvt Ltd.,","India, England, Moradabad, Bikaner, Manesar, Palwal, Hasanpur, Mewat, Delhi, Haryana, Amipur, Kolayat, Rajasthan, London,",nan,2021-02-27 16:25:22.525041,"money launder, ",No,https://www.business-standard.com/about/what-is-robert-vadra-case
"SME, ICC, Infrastructure Leasing & Financial Services, Gujarat International Finance Tech-City, GIFT, IL&FS, LIC, SBI, Orix Corporation, HDFC, CBI, IL&FS Transportation Networks Ltd, ITNL, IL&FS Engineering and Construction Co Ltd, IL&FS Financial Services Ltd., ICRA, Kotak Mahindra Bank, Tech Mahindra, Sebi, ICICI Bank, IAS, Arpwood Capital, J M Financial, Alvarez & Marsal, SFIO, NBFC, Deloitte, IFIN, the Enforcement Directorate, ED, Aircel, MNS, Maharashtra Navnirman Sena, CTNL, Thackeray, Kohinoor CTNL, Business Standard, DHFL, ISPL, EEPL, IL&FS Solar, RBI, IndusInd, IL&FS Fin Services, FSR, Business Standard Pvt Ltd.,","India, England, Japan, Mumbai, Kohinoor, Maharashtra,",nan,2021-02-27 16:25:32.925329,"money launder, ",YES,https://www.business-standard.com/about/what-is-il-fs-crisis
"SME, ICC, National Herald, Bharatiya Janata Party, BJP, Congress, Associated Journals Ltd, Young Indian Ltd, YIL, the National Herald, The National Herald, the Indian National Congress, Associated Journals Limited, AJL, Qaumi Awaz, Young India Ltd, Madras High Courts, the Enforcement Directorate, the Supreme Court, NATIONAL HERALD CASE NEWS, AICC, Delhi High Court, INX Media, Centre, The Supreme Court, the Associated Journals Ltd, ITO, HC, Associated Journals', Business Standard Pvt Ltd.,","India, England, Allahabad, Delhi, SC,",nan,2021-02-27 16:25:42.555209,"money launder, ",No,https://www.business-standard.com/about/what-is-national-herald-case
"SME, ICC, INX Media, Foreign Investment Promotion Board, FIPB, Congress, United Progressive Alliance, UPA, the Financial Intelligence Unit, INX Media Pvt Ltd, Income Tax, the Enforcement Directorate, ED, FEMA, the Central Bureau of Investigation, CBI, The Enforcement Directorate, the Delhi High Court, Finance, NITI Aayog, Union, Business Standard Pvt Ltd.,","India, England, Mauritius, Irani, Delhi, Indrani, Switzerland, Tamil Nadu's, Sivaganga,",nan,2021-02-27 16:25:53.424918,"money launder, ",No,https://www.business-standard.com/about/what-is-inx-media-case
"SME, ICC, the Government of India, Army, Navy, Air Force, Indian Army, a Group of Ministers, GoM, Business Standard, CDS, Business Standard Pvt Ltd.,","India, England, US, the United Kingdom, Covid, LAC, Ladakh, China, Stakna, Leh, J&K, Pak, Hyderabad,",nan,2021-02-27 16:29:38.157669,"terror, ",No,https://www.business-standard.com/about/what-is-chief-of-defence-staff-cds
"SME, ICC, Business Standard Pvt Ltd.,","India, England, Mumbai, Greater Mumbai, Delhi, North Goa, North Goa District Magistrate, Jammu and Kashmir, UP, Uttar Pradesh's, Hathras, Rajasthan, Maharashtra, Ambala, US,",nan,2021-02-27 16:34:07.972476,"terror, ",No,https://www.business-standard.com/about/what-is-section-144
"SME, ICC, Interim Budget 2019, Rajya Sabha, the Lok Sabha|, Congress, UPA, The Lok Sabha, LS, Business Standard Pvt Ltd.,","India, England, New York, New Delhi,",nan,2021-02-27 17:05:29.282136,"money launder, ",No,https://www.business-standard.com/about/what-is-acts-regulated-by-the-finance-bill
"ED, U.N., Enforcement Directorate, The Enforcement Directorate, Naxals, Maa Gange Coal Trading Private Limited, the National Investigation Agency, Tritiya Prastuti Committee, TPC, Hindu, BHEL Ranipet Unit, IUML, RJD, Naveen, House, YSRCP, TDP, ECI, THG PUBLISHING PVT LTD, Congress, Madras HC, Govt, NSO, Cabinet, MNM, Centre for Science and Environment, Supreme Court, the Union of India, Pranab, Parliament, The Hindu, Dorseyâs Square, RSS, Bharatiya Mazdoor Sangh, Indian National Congress, Young World Club,","Jharkhand, India, Maldives, NEW DELHI, Magadh Amrapali, Chatra, Assam, Puri, Karnataka, Telangana, Jammu, Tamil Nadu, DMK, Maharashtra, Hapur, Andhra Pradesh, U.S., Kerala, Coimbatore, Himachal, Vietnam, West Bengal, TN, Puducherry, China, Iran, Hyderabad, Bengaluru, Delhi, Mumbai, Madurai, Bihar, Sri Lanka,",nan,2021-02-27 20:05:26.231177,"money launder, ",No,https://www.thehindu.com/news/national/ed-attaches-assets-in-extortion-case-involving-naxals-in-jharkhand/article33943849.ece
"PSC, CM, TCS, Technocity, Centre, State, BJP, Congress, HC, CBSE, RTC, KSEB, CRPF, The Hindu, Microsoft Teams, ICC, Bhim Army, TIME, Serum Institute, Maharashtra Congress, UGC, NASA, TAC, Supreme Court, Champions League, Juventus, Niti Aayog's, Governing Council, RR, CSK, Taliban, Young World Club, THG PUBLISHING PVT LTD,","Kerala, Andhra Pradesh, Karnataka, Tamil Nadu, Pangong Tso, Mathilmoola, Nilambur, Malappuram, Wayanad, Adyanpara, Karikottakkari, Kannur, Kottathara, Kuttanad, Parakkamala, the British Empire, Maradu, Thrissur, Akkulam, Kochi, India, Delhi, South Africa, Bommanahalli, Texas, Puducherry, Shopian, China, Myanmar, Bhutan, Porto, Hyderabad, Bengaluru, Mumbai, Madurai, Bihar,",nan,2021-02-27 20:10:47.390494,"terror, ",No,https://www.thehindu.com/news/national/kerala/aqua-attack-a-look-at-keralas-once-in-a-century-natural-disaster/article24904281.ece
"Hindu, HarperCollins, THG PUBLISHING PVT LTD, Royal Enfieldâs, The Hindu, Facebook, Fitbit, Govt, BJP, Congress, UN Security Council, FATF, Shiv Sena, RailTel Corp of India, Twitter, U.N., CPI, PNB, Supreme Court, Young World Club,","Pangong Tso, Bera, Pratilipi, Chennai, Kerala, China, Coimbatore, Myanmar, India, Pakistan, Syria, Senegal, Morocco, Caymans, Motera, U.S., Papua New Guineaâs, Balakot, Odisha, Hyderabad, Bengaluru, Andhra Pradesh, Karnataka, Tamil Nadu, Delhi, Mumbai, Madurai, Bihar, U.K., Sri Lanka,",nan,2021-02-27 20:36:03.003741,"terror, ",No,https://www.thehindu.com/books/brown-paperbag-july-7-2019/article28294636.ece
"Supreme Court, the Supreme Court, Constitution Bench, the Supreme Court of India, The Hindu, THG PUBLISHING PVT LTD, Dorseyâs Square, Congress, Govt, CDC Group, Equitas Holdings, Boeing, RSS, Bharatiya Mazdoor Sangh, Madras High Court, Indian National Congress, Young World Club,","Pangong Tso, Shaheen Bagh, China, India, Japan, Naypyitaw, Himachal, Kerala, Vietnam, West Bengal, Tamil Nadu, Hapur, Jammu, U.S., TN, Puducherry, Assam, U.K., Karnataka, Iran, Hyderabad, Bengaluru, Andhra Pradesh, Delhi, Mumbai, Madurai, Bihar, DMK, Sri Lanka, Maharashtra,",nan,2021-02-27 20:50:17.662741,"terror, ",No,https://www.thehindu.com/opinion/lead/the-pressing-need-to-adjudicate-not-mediate/article33874422.ece
"Capitol, Taliban, Trump Administration, The Hindu, Union Budget 2021, THG PUBLISHING PVT LTD, Dorseyâs Square, Congress, Govt, CDC Group, Equitas Holdings, Boeing, RSS, Bharatiya Mazdoor Sangh, Madras High Court, Indian National Congress, Young World Club,","Pangong Tso, New Delhi, U.S., the United States, Washington, China, Russia, Iran, India, West Bengal, Japan, Naypyitaw, Himachal, Kerala, Vietnam, Tamil Nadu, Hapur, Jammu, TN, Puducherry, Assam, U.K., Karnataka, Hyderabad, Bengaluru, Andhra Pradesh, Mumbai, Madurai, Bihar, DMK, Sri Lanka, Maharashtra,",nan,2021-02-27 21:00:43.075688,"terror, ",No,https://www.thehindu.com/opinion/lead/weighing-in-on-the-biden-presidency/article33743191.ece
"GFC, UNU Press, Tamil Tigers, the Balsillie School of International Affairs, the Centre for International Governance Innovation, CIGI, the University of Waterloo, Hindu, THG PUBLISHING PVT LTD, IIT, The Hindu, Microsoft, SpaceX, Maruti Suzuki, NASA, IMA, Health Ministry, Madhav Kumar Nepal, High Court, Facebook, U.N. Human Rights Council, CSE, Congress, BJP, Motera, NIA, Young World Club,","Pangong Tso, Koyambedu Juction, Chennai, Brazil, China, India, Chile, Singapore, Guinea Bissau, Sri Lanka's, Waterloo, Ontario, Andhra Pradeshâs, Arunachal Pradesh, Patanjali, Coronil, Australia, Mumbai, Odisha, Karnataka, Delhi, Dallas, Tamil Nadu, Maharashtra, Pakistan, Hyderabad, Bengaluru, Kerala, Madurai, Bihar,",nan,2021-02-27 21:15:13.350537,"drug trafficking, terror, money launder, ",No,https://www.thehindu.com/opinion/lead/The-dark-side-of-globalisation/article15514462.ece
"BJP, Congress, UN, Left, LDF, The Election Commission of India, Assembly, Kerala Assembly, the Election Commission, RPF, the Left Democratic Front, CPI(M, the United Democratic Front, UDF, the National Democratic Alliance, NDA, BSP, RJD, Janapaksham, CPM, the Kerala Congress, Loktantrik Janata Dal, LJD, Indian National League, INL, Nationalist Congress Party, NCP, Janadhipathya Kerala Congress, the Indian Union Muslim League, IUML, Revolutionary Socialist Party, RSP, Communist Marxist Party, All India Forward Bloc, Bharat Dharma Jana Sena, BDJS, Thomas, Parliament, Asianet-CFore, 24 News, KIIFB, TMC, ABP,","Bangla, Hindi, India, Sri Lanka, Gujarat, Delhi, SC, Bengal, Assam, Kerala, West Bengal, Tripura, Kochi, Tamil Nadu, the Union Territory of Puducherry, Kozhikode, Nemom, Kollam, Thrissur, Alappuzha, Vengara, Aroor, Ernakulam, Manjeswar, Pala, Chengannur, Konni, Vattiyoorkavu, TN,",nan,2021-02-27 21:47:21.135873,"money launder, ",No,https://indianexpress.com/article/india/kerala/left-hopes-to-retain-last-bastion-kerala-its-a-do-or-die-for-congress-7205922/
"BJP, Congress, UN, ESMA, AITWA, FBI, The Federal Bureau of Investigation, Paswan, Lok Janshakti Party, UPA, ATS, Shiv Sena, External Affairs, Nuclear Power Corporation of India Ltd, NCW, College of Interactive arts, the Pravasi Bharatiya Divas, CBI, Realme Narzo 30, TMC, LDF, ABP, Govt, Raegr, Xiaomi, Twitter, PSA Raghavan, AMC, ICC, BMC, FIFA, PSU, UPSC, CSK, KKR, CBSE, Bangalore News, Express Group, The Indian Express, The Financial Express, MyInsuranceClub, DNPA, The Indian Express [,","Bangla, Hindi, India, Sri Lanka, Gujarat, Delhi, SC, Bengal, Assam, Mumbai, New Delhi, Pak, US, Pakistan, Islamabad, Patna, Noida, Jharkhand, Chennai, Mayawati, UP, Dehradun, Poonch, Jammu and Kashmir, Gaza, Kerala, Pune, Bengaluru, Covid, Dharavi, Bombay, Goa, Punjab, Arunachal Pradesh, Manipur, Bangalore, West Bengal, Tamil Nadu, Loksatta,",nan,2021-02-27 21:48:46.590051,"terror, ",No,https://indianexpress.com/section/india/page/11197/
"BJP, Congress, UN, FATF, Financial Action Task Force, Pleyer, TMC, LDF, ABP, Pakistan Supreme Court,","Bangla, Hindi, India, Sri Lanka, Gujarat, Delhi, SC, Bengal, Assam, Pak, Paris, Pakistan, Islamabad, New Delhi, Kerala, TN,",nan,2021-02-27 21:51:47.238589,"terror, terror financing, money launder, ",No,https://indianexpress.com/article/world/serious-deficiency-on-part-of-pak-in-checking-terror-financing-will-continue-to-remain-on-increased-monitoring-list-fatf-7204974/
"NDA, Parliament, Centre, BJP, Hindu, THG PUBLISHING PVT LTD, NPR, NRC, The Hindu, Dorseyâs Square, Congress, Govt, BPF, Department of Revenue, CDC Group, Equitas Holdings, Boeing, Madras High Court, Indian National Congress, Young World Club,","Pangong Tso, India, States, Bengaluru, Tirunelveli, Tamil Nadu, Nalgonda, Telangana, Chepauk, England, Himachal, Kerala, Vietnam, West Bengal, Hapur, Jammu, U.S., TN, Puducherry, Assam, China, Chamoli, U.K., Karnataka, Hyderabad, Andhra Pradesh, Delhi, Mumbai, Madurai, Bihar, DMK, Sri Lanka, Maharashtra,",nan,2021-02-27 22:00:30.055433,"terror, ",No,https://www.thehindu.com/opinion/letters/letters-to-the-editor-february-17-2021/article33854640.ece
"White House, Pentagon, FATF, Facebook, BLM, Survival Fund, UN,","Bangla, Hindi, India, US, Japan, UK, UAE, Papua New Guineaâs, North Korea, Haiti, Singapore, Syria, Pak, China, Indonesia, Kenya, Australia, EU, Myanmar, U.S., Washington,",nan,2021-02-27 22:02:58.464513,"terror, terror financing, ",No,https://indianexpress.com/section/world/page/2/
"BJP, Congress, UN, Mumbai News, HC, the Enforcement Directorate, ED, Mumbai Police, Sterling Biotech company,","Bangla, Hindi, India, Sri Lanka, Gujarat, Delhi, SC, Bengal, Assam, Mumbai, Chandrapur, London, UK,",nan,2021-02-27 22:05:16.682918,"drug trafficking, terror, money launder, ",No,https://indianexpress.com/article/cities/mumbai/gangster-iqbal-mirchis-family-declared-fugitive-economic-offenders-officials-7206291/
"BJP, Congress, UN, Express News Service, the Enforcement Directorate, ED, Mumbai News, HC,","Bangla, Hindi, India, Sri Lanka, Gujarat, Delhi, SC, Bengal, Assam, Mumbai, Chandrapur, Worli,",nan,2021-02-27 22:06:10.953490,"money launder, ",No,https://indianexpress.com/article/cities/mumbai/court-declares-gangster-iqbal-mirchis-wife-sons-fugitive-economic-offenders-7206435/
"BJP, Congress, UN, The Brihanmumbai Municipal Corporation, BMC, Maharashtra Tourism Development Corporation, RCF, KKPKPÂs, Navjivan Trust, Muslim Ghanchee Samaj Panch, the Lok Sabha, the All India Motor Transport CongressÂ indefinite Âchakka jamÂ goes, Sena-BJPÂs turn, NCP, the Shiv Sena, the Gulbarg Society, APMC, Blind PersonsÂ Association (, the University of Pune, BBC Scotland, the South Indian Concerns, ATS, Realme Narzo 30, TMC, LDF, ABP, Govt, Raegr, Xiaomi, Twitter, PSA Raghavan, AMC, ICC, FIFA, PSU, UPSC, CSK, KKR, CBSE, Bangalore News, Express Group, The Indian Express, The Financial Express, MyInsuranceClub, DNPA, The Indian Express [,","Bangla, Hindi, India, Sri Lanka, Gujarat, Delhi, SC, Bengal, Assam, Mumbai, Hyderabad, Bangalore, Worli, Haji Ali, Prabhadevi, Ahmedabad, Polan Bazar, Godhra, Jamnagar, Gandhinagar, Maharashtra, Meghaninagar, Trombay, Bihar, Bollywood, Matunga, Kerala, Pune, Bengaluru, Covid, Dharavi, Bombay, Goa, Punjab, Arunachal Pradesh, Manipur, West Bengal, Tamil Nadu, Loksatta,",nan,2021-02-27 22:10:09.437850,"terror, ",No,https://indianexpress.com/section/cities/page/13706/
"Congress, Hindu, THG PUBLISHING PVT LTD, NPR, NRC, The Hindu, Dorseyâs Square, Govt, BPF, Department of Revenue, CDC Group, Equitas Holdings, Boeing, Madras High Court, Indian National Congress, Young World Club,","Pangong Tso, Bengaluru, China, Maruthancode, Tamil Nadu, Kothamangalam, Kerala, Tiruchi, India, Himachal, Vietnam, West Bengal, Hapur, Jammu, U.S., TN, Puducherry, Assam, Saravanampatti, Israel, Iran, Syria, Iraq, Chamoli, U.K., Karnataka, Hyderabad, Andhra Pradesh, Delhi, Mumbai, Madurai, Bihar, DMK, Sri Lanka, Maharashtra,",nan,2021-02-27 22:25:39.011002,"terror, ",No,https://www.thehindu.com/opinion/letters/letters-to-the-editor-march-14-2020/article31063381.ece
"the Indian Express, Ashoka University, Centre Policy Research, Harvard, JNU, Supreme Courtâs, the Supreme Court, SC, Union, Republican Party, the Republican Party, Parliament, Sudarshan, Facebook, Congress, BJP, Govt, TMC, LDF, ABP, Raegr, Xiaomi, Twitter, PSA Raghavan, AMC, ICC, BMC, FIFA, PSU, UPSC, CSK, KKR, CBSE, Bangalore News, Express Group, The Indian Express, The Financial Express, MyInsuranceClub, DNPA, The Indian Express [,","Bangla, Hindi, India, New Delhi, the United States, US, America, China, Ayodhya, Hinduism, Pakistan, Pune, Bengaluru, Sri Lanka, Kerala, Covid, Dharavi, Bombay, Goa, Punjab, Arunachal Pradesh, Manipur, Bangalore, Mumbai, West Bengal, Tamil Nadu, Loksatta,",nan,2021-02-27 22:30:40.706544,"terror, ",No,https://indianexpress.com/profile/columnist/pratap-bhanu-mehta/
"the Hudson Institute, ICJ, Govt, TMC, LDF, ABP, Raegr, Xiaomi, Twitter, PSA Raghavan, BJP, AMC, ICC, BMC, FIFA, PSU, UPSC, CSK, KKR, CBSE, Bangalore News, Express Group, The Indian Express, The Financial Express, MyInsuranceClub, DNPA, The Indian Express [,","Bangla, Hindi, India, Washington DC, Pakistan, US, Islamabad, China, Modi, Lahore, Egypt, Kenya, Chile, Pune, Bengaluru, Delhi, Sri Lanka, Kerala, Covid, Dharavi, Bombay, Goa, Punjab, Arunachal Pradesh, Manipur, Bangalore, Mumbai, West Bengal, Tamil Nadu, Loksatta,",nan,2021-02-27 22:37:27.989976,"terror, ",No,https://indianexpress.com/profile/columnist/husain-haqqani/
"BJP, Congress, UN, PR Handout,","Bangla, Hindi, India, Sri Lanka, Gujarat, Delhi, SC, Bengal, Assam, Hyderabad, Rakul Preet,",nan,2021-02-27 23:00:25.928608,"terror, ",No,https://indianexpress.com/article/entertainment/telugu/tollywood-movie-review/check-movie-review-nithiin-starrer-is-just-average-fare-7206254/
"BJP, Congress, UN, UNHRC, The United Nations Human Rights Council, the Liberation Tigers of Tamil Eelam, LTTE, Indian Express, Assembly, the Office of the High Commissioner for Human Rights, UN Human Rights, the Human Rights Council,","Bangla, Hindi, India, Sri Lanka, Gujarat, Delhi, SC, Bengal, Assam, New Delhi, Mumbai, Sri Lankaâs, Tamil Nadu,",nan,2021-02-28 00:15:16.461888,"terror, ",No,https://indianexpress.com/article/explained/sri-lanka-at-the-un-rights-council-another-test-for-india-7203407/
"Army, AAP,","Bangla, Hindi, India, J&K, Delhi,",nan,2021-02-28 00:17:57.397362,"terror, ",No,https://indianexpress.com/section/explained/page/425/
"BJP, Congress, UN, Pentagon, al-Qaida, Islamic State, the Syrian Democratic Forces, SDF, White Helmets, U.N., U.N.-backed, Raegr, Barcelona, TMC, LDF, ABP, BPF, HC, PMC, FIFA, PSU, UPSC, CSK, KKR, CBSE, Bangalore News, Express Group, The Indian Express, The Financial Express, MyInsuranceClub, DNPA, The Indian Express [,","Bangla, Hindi, India, Sri Lanka, Gujarat, Delhi, SC, Bengal, Assam, US, Syria, Iraq, the United States, Russia, Raqqa, Britain, Canada, Iran, Geneva, Imran, Kerala, Pune, Bengaluru, Sevilla, Mumbai, Chandrapur, Odisha, Maharashtra, Arunachal Pradesh, Manipur, Bangalore, West Bengal, Tamil Nadu, Loksatta,",nan,2021-02-28 01:11:49.633038,"terror, ",No,https://indianexpress.com/about/us-syria/
"LoC General, the District Development Councils, DDC, BJP, the National Conference, PDP, JK Peopleâs Movement, CPM, the People's Conference, Peopleâs Conference, Apni Party, PAGD, House, Rajya Sabha, The Indian Express, NC, the Apni Party, NIA, Gupkar Alliance, the Peoples Democratic Party, DDCs, Jammu and Kashmir, JKAP, Centre, Raegr, Xiaomi, Twitter, Barcelona, TMC, LDF, ABP, BPF, HC, PMC, FIFA, PSU, UPSC, CSK, KKR, CBSE, Bangalore News, Express Group, The Financial Express, MyInsuranceClub, DNPA, The Indian Express [,","Bangla, Hindi, India, J&K, Srinagar, Budgam, Shopian, Jammu, Kupwara, Doda, Udhampur, DDC, Jammu and Kashmir, J-, Andhra Pradesh, Gulmarg, Jammu and Kashmirâs, Rajouri, the Union Territory, Mehbooba, Bijbehara, Anantnag, Pulwama, Sagam, Pune, Bengaluru, Delhi, Sri Lanka, Kerala, Sevilla, Assam, Mumbai, Chandrapur, Odisha, Maharashtra, Arunachal Pradesh, Manipur, Bangalore, West Bengal, Tamil Nadu, Loksatta,",nan,2021-02-28 02:04:29.462067,"terror, ",No,https://indianexpress.com/profile/author/naveed-iqbal/
"ISL, AIFF, Chennaiyin FC, FIFA, FC Goa, Elano, Hindu, the Soccer League, Indian Super League, BFC, Champions League, Europa League, Lazio, CCFC, NEUFC, ATK, HFC, Sloppy United, Man City, Spurs, EPL, Inter, Manchester United, THG PUBLISHING PVT LTD, Everton, Arsenal, ATKMB, Tottenham, I-League, Gokulam, Indian Arrows, Levante, Atletico, Huawei, Barcelona, Alaves, PSG, SCEB, Sports Bureau, The Hindu, Facebook, Fitbit, Govt, BJP, Congress, CBI, UN Security Council, FATF, Shiv Sena, RailTel Corp of India, Twitter, U.N., PNB, Supreme Court, Young World Club,","Pangong Tso, Mumbai, Fatorda, Japan, India, Odisha, Bayern, Qatar, Australia, Oman, UAE, Chennaiyin, Milan, Goa, Newcastle, East Bengal, Barcelona, China, Coimbatore, Myanmar, Pakistan, Telangana, Syria, Senegal, Morocco, Caymans, Motera, U.S., Papua New Guineaâs, Balakot, Hyderabad, Bengaluru, Andhra Pradesh, Karnataka, Kerala, Tamil Nadu, Delhi, Madurai, Bihar, U.K., Sri Lanka,",nan,2021-02-28 02:10:33.102904,"terror, ",No,https://www.thehindu.com/sport/football/indian-super-league-2015-finals-isl-incident-unacceptable-says-praful-patel/article8014663.ece
"BJP, Congress, UN, G23, the Rajya Sabha, the District Development Councils, United Kisan Front, the Delimitation Commissionâs, the Election Commission, EU, Assembly, Centre, Army, Jammu and Kashmir Light Infantry, J&K, National Conference, PDP, NC, Idea Exchange, NIA, ANI, 92 Base Hospital, LoC General, Raegr, Barcelona, TMC, LDF, ABP, BPF, HC, PMC, FIFA, PSU, UPSC, CSK, KKR, CBSE, Bangalore News, Express Group, The Indian Express, The Financial Express, MyInsuranceClub, DNPA, The Indian Express [,","Bangla, Hindi, India, Sri Lanka, Gujarat, Delhi, SC, Bengal, Assam, Islamabad, J&K, Pakistan, Gandhi Nagar, JK, Srinagar, Budgam, Zanigam village, Beerwah, JAMMU, KASHMIR, Jammu, the Union Territories of, Ladakh, Jammu and Kashmir, UT, J&K., Pampore, Udhampur, Mandi, Himachal Pradesh, Kerala, Pune, Bengaluru, Sevilla, Mumbai, Chandrapur, Odisha, Maharashtra, Arunachal Pradesh, Manipur, Bangalore, West Bengal, Tamil Nadu, Loksatta,",nan,2021-02-28 02:13:20.362360,"terror, ",No,https://indianexpress.com/about/jammu-and-kashmir/
"BJP, Congress, UN, J&K Police, The Indian Express, The Indian Express (, IndianExpress, LeT, Lashkar-e-Toiba, Vilayat, Centre, LoC General, National Conference, PDP, Peopleâs Conference, CPM, Apni Party,","Bangla, Hindi, India, Sri Lanka, Gujarat, Delhi, SC, Bengal, Assam, Srinagar, Budgam, Shopian, Baghat, Zurhama, Kupwara, Logripora, Aishmuqam, Anantnag, Pulwama,",nan,2021-02-28 02:15:40.837955,"terror, ",No,https://indianexpress.com/article/india/kashmir-srinagar-attack-police-7196345/
"Indian Hockey Federation, IHF, Hindu, THG PUBLISHING PVT LTD, The Hindu, Facebook, Fitbit, Govt, BJP, Congress, CBI, UN Security Council, FATF, Shiv Sena, RailTel Corp of India, Twitter, PNB, Supreme Court, Young World Club,","India, Pangong Tso, Amsterdam, London, Calcutta, Bombay, Gwalior, Oxford, England, Netherlands, Austria, Belgium, Denmark, Switzerland, Holland, Germany, Spain, France, Argentina, Chile, Odisha, Rourkela, Tokyo, NZ, Coimbatore, China, Myanmar, Pakistan, TN, Telangana, Syria, Senegal, Morocco, Caymans, Motera, U.S., Papua New Guineaâs, Balakot, Hyderabad, Bengaluru, Andhra Pradesh, Karnataka, Kerala, Tamil Nadu, Delhi, Mumbai, Madurai, Bihar, U.K., Sri Lanka,",nan,2021-02-28 02:42:37.774445,"terror, ",No,https://www.thehindu.com/sport/hockey/1928-olympics-indias-first-step-towards-ascending-hockey-throne/article3613550.ece
"BJP, Congress, UN, Indian National Congress, INDIAN NATIONAL CONGRESS NEWS, Assam Assembly, Vidhan Sabha, RSS, Odisha Congress, The High Court, Reliance, Punjab Congress, Bhartiya Janta Party, The Indian Express, Congress Party, Centre, LoC General, Raegr, Barcelona, TMC, LDF, ABP, BPF, HC, PMC, FIFA, PSU, UPSC, CSK, KKR, CBSE, Bangalore News, Express Group, The Financial Express, MyInsuranceClub, DNPA, The Indian Express [,","Bangla, Hindi, India, Sri Lanka, Gujarat, Delhi, SC, Bengal, Assam, Haryana, UP, Uttar Pradesh, Bhubaneswar, Sohana, Lucknow, Scindia, Gurdaspur, Kerala, Pune, Bengaluru, Sevilla, Mumbai, Chandrapur, Odisha, Maharashtra, Arunachal Pradesh, Manipur, Bangalore, West Bengal, Tamil Nadu, Loksatta,",nan,2021-02-28 02:56:46.765331,"money launder, ",No,https://indianexpress.com/about/indian-national-congress/
"BJP, Congress, UN, Explained Desk, KPLT, Peopleâs Democratic Council of Karbi Longri, PDCK, Karbi Longri NC Hills Liberation Front, KLNLF, Kuki Liberation Front, KLF, United Peopleâs Liberation Army, UPLA, the Karbi Anglong Autonomous Council, KAAC, The Karbi National Volunteers, KNV, Karbi Peopleâs Force, KPF, the United Peopleâs Democratic Solidarity, UPDS, Centre, Autonomous District Lok Sabha, the North Cachar Hills Autonomous Council, The Indian Express, the National Democratic Front of Bodoland, NDFB, NDFB(RD, NDFB(S, NIA,","Bangla, Hindi, India, Sri Lanka, Gujarat, Delhi, SC, Bengal, Assam, Karbi, Guwahati, Karbi Anglong, West Karbi Anglong, Dima Hasao, Pune, Bengaluru, Nagaland,",nan,2021-02-28 03:31:28.432525,"terror, ",No,https://indianexpress.com/article/explained/explained-significance-of-militants-surrender-in-assam-and-history-of-karbi-insurgency-7203011/
"Netflix, Nevermore Academy, Addams Family, The New Yorker, MGM/UA Television, Hindu, Amudhavanan, Disney, Disney Plus, Neestream, Update Studios, PVR, THG PUBLISHING PVT LTD, Dhanush, Amazon Prime, Apple TV+, The Hindu, Dorseyâs Square, Congress, Govt, Johnson & Johnson's, MVA, Yale, State TV, Senate, BJP, Barcelona, Madras High Court, Indian National Congress, Young World Club,","New Jersey, Coimbatore, India, Himachal, Kerala, Vietnam, West Bengal, Tamil Nadu, Hapur, Jammu, U.S., TN, Puducherry, Assam, China, New York, Gujarat, New Zealand's, Auckland, Riyadh, Saudi Arabia, Bombay, Sevilla, Hyderabad, Bengaluru, Andhra Pradesh, Karnataka, Delhi, Mumbai, Madurai, Bihar, DMK, Sri Lanka, Maharashtra,",nan,2021-02-28 04:35:40.192506,"terror, ",No,https://www.thehindu.com/entertainment/movies/wednesday-addams-live-action-series-from-tim-burton-set-at-netflix/article33870373.ece
"BJP, Congress, UN, Express, AgustaWestland, Gupkar, Assembly, EC, Rajya Sabha, Niti, Microsoft India, Barcelona, TMC, LDF, ABP, BPF, HC, PMC, FIFA, PSU, UPSC, CSK, KKR, CBSE, Bangalore News, Express Group, The Indian Express, The Financial Express, MyInsuranceClub, DNPA, The Indian Express [,","Bangla, Hindi, India, Sri Lanka, Gujarat, Delhi, SC, Bengal, Assam, Madhya Pradesh, Jharkhand, Uttar Pradesh, Sadora, Rajasthan, Kerala, Pune, Bengaluru, Sevilla, Mumbai, Chandrapur, Odisha, Maharashtra, Arunachal Pradesh, Manipur, Bangalore, West Bengal, Tamil Nadu, Loksatta,",nan,2021-02-28 04:43:48.503274,"terror, ",No,https://indianexpress.com/about/kamal-nath/
"BJP, Congress, UN, ODISHA NEWS, the Economic Offence Wing, POCSO, IFS, CBI, the Orissa High Court, EC, HSC, the Board of Secondary Education, General Budget, ANI, Arya Mahal, Hotel Arya Mahal, Niti, Microsoft India, Barcelona, TMC, LDF, ABP, BPF, HC, PMC, FIFA, PSU, UPSC, CSK, KKR, CBSE, Bangalore News, Express Group, The Indian Express, The Financial Express, MyInsuranceClub, DNPA, The Indian Express [,","Bangla, Hindi, India, Sri Lanka, Gujarat, Delhi, SC, Bengal, Assam, Odisha, Balaji Nagar, Narmada Park, Medankarwadi, Tentulipada village, Cuttack, Baranga, West Bengal, Digha, Puri, Khurda, Andhra Pradesh, Maharashtra, Bhubaneswar, Nabrangpur, Nabarangpur, Kerala, Pune, Bengaluru, Sevilla, Mumbai, Chandrapur, Arunachal Pradesh, Manipur, Bangalore, Tamil Nadu, Loksatta,",nan,2021-02-28 04:48:24.622880,"terror, ",No,https://indianexpress.com/about/odisha/
"R&AW, Hindu, THG PUBLISHING PVT LTD, The Hindu, Dorseyâs Square, Congress, Govt, Johnson & Johnson's, MVA, Yale, State TV, Senate, BJP, Barcelona, Madras High Court, Indian National Congress, Young World Club,","Pangong Tso, Pakistan, Himachal, India, Kerala, Vietnam, West Bengal, Tamil Nadu, Hapur, Jammu, U.S., TN, Puducherry, Assam, China, New York, Gujarat, New Zealand's, Auckland, Riyadh, Saudi Arabia, Bombay, Sevilla, Hyderabad, Bengaluru, Andhra Pradesh, Karnataka, Delhi, Mumbai, Madurai, Bihar, DMK, Sri Lanka, Maharashtra,",nan,2021-02-28 05:06:21.676847,"terror, ",No,https://www.thehindu.com/entertainment/reviews/lahore-confidential-movie-review-an-exercise-in-vain/article33748397.ece
"BJP, Congress, UN, TMC NEWS, Bengal, ECI, Trinamool Congress, Centre, State, The Indian Express, LS, Youth Congress, Left Front, the Trinamool Congressâ, Trinamool Congress Chatra Parishad, TMCP, Jadavpur University, AIADMK, Lok Sabha, ANI, NDA Government, the Hyderabad University, Communist Party of India, ISRO, Microsoft India, Barcelona, LDF, ABP, BPF, HC, PMC, FIFA, PSU, UPSC, CSK, KKR, CBSE, Bangalore News, Express Group, The Financial Express, MyInsuranceClub, DNPA, The Indian Express [,","Bangla, Hindi, India, Sri Lanka, Gujarat, Delhi, SC, Bengal, Assam, West Bengal, Tamil Nadu, Kolkata, Hyderabad, Matua, Thakurnaga, Govt, Pathankot, Pakistan, Brazil, Kerala, Pune, Bengaluru, Sevilla, Mumbai, Chandrapur, Odisha, Maharashtra, Arunachal Pradesh, Manipur, Bangalore, Loksatta,",nan,2021-02-28 05:15:57.625718,"terror, ",No,https://indianexpress.com/about/tmc/
"ET Chartmantra, Times Internet Limited, TIL, the ET ChartMantra, the ET Learning Service, Technical Analysis, MACD Line,","India, New Delhi,",nan,2021-02-28 05:55:18.588874,"money launder, ",No,http://chartmantra.economictimes.indiatimes.com/GameBoard.htm
